"","mh","mw","mws","bai","age","bmr"
"1",69.2305953108934,196.488209549027,48.4700726597802,34.7970710620868,32,1951.75010593878
"2",64.0839508595656,250.020871839224,41.2503202029869,32.4529616511311,45,2131.49620747485
"3",68.5170561552864,214.048502754346,41.0446574275015,27.408990955305,15,2167.68878533171
"4",68.0035250153278,223.034652580568,16.2436393936298,0.174792475892481,28,2128.7506532716
"5",67.4423879704084,146.893898694608,53.8419351362194,42.9964431031171,83,1273.26731609159
"6",70.19005313062,287.926805417903,37.5136612172967,22.027581847986,51,2404.39767251241
"7",64.0757480640187,217.094812795208,34.8595688557282,24.6446684931572,37,1980.66268412718
"8",68.6000428658429,272.703247274821,53.1902251992033,40.7392649268332,70,2160.16177491834
"9",65.4180431548919,176.892130372901,32.2754327223294,20.2744544501189,55,1624.8471202903
"10",74.4760864679162,238.291042155899,40.4274684922814,21.4670381095678,81,1945.59949077379
"11",66.088278578737,194.335969378832,40.1729381010056,28.9169957273994,41,1837.23422718008
"12",67.5515645933697,143.166228718615,33.6722442598097,20.0541655797968,25,1645.83047525277
"13",67.2411436482558,199.408117828683,22.8419954638751,7.99349413772665,34,1931.07509840554
"14",71.6834212413333,156.13130214058,40.2394008405931,23.6012784660421,37,1697.47746210075
"15",68.3458136545521,168.319657555403,59.7390239300402,48.3397001443802,63,1554.22329998297
"16",75.8237573422328,212.324725496242,40.6299174847908,20.6119066042108,65,1909.74475808794
"17",67.1638992680482,176.533551483122,34.0872336038005,20.8571696467977,43,1726.38554644406
"18",67.73802640872,225.5121007497,34.9217756481192,21.3034585541638,48,2004.81332306138
"19",65.0210325953914,212.998643963756,45.2335608040998,36.1331429185223,69,1749.54866585567
"20",71.346813643072,194.991008214677,42.768310939814,26.5290556035703,58,1792.49851444445
"21",65.4732485374985,295.389023183187,25.431747821084,12.12060100157,55,2363.78387085749
"22",68.1931933570301,162.410732730243,50.6242702696459,38.4066740534228,11,1869.0724205437
"23",70.473144844447,174.412404363287,46.9286191458662,31.7720531388695,50,1707.59821870775
"24",69.4417336958325,165.921720959519,35.7253877143208,20.7373026936701,63,1553.20233951488
"25",72.1610236293782,198.082901133228,48.6110556846949,31.7581567490156,42,1930.90147415311
"26",70.1216513205118,206.954832154473,41.0566620558958,25.8721274274356,64,1810.67357609287
"27",69.293272444339,141.692089940418,68.5546031710472,56.5732846638456,67,1373.16628037191
"28",72.9977235038175,201.055870661236,31.7406164325262,13.9326264875003,43,1953.24916271798
"29",70.5487118472075,242.456394574284,6.52736561208108,-11.0882572510978,57,2084.87197865732
"30",71.3802477606165,205.826574046704,28.9790931416844,12.1509480979897,38,1996.4287028708
"31",70.684763340876,225.931771814629,41.5080606734351,25.8255110805771,84,1800.05143283426
"32",65.7496223042458,193.768486202228,23.4405605807082,9.58743729195033,56,1727.3978723038
"33",69.193631530322,116.876141450893,55.6079369895257,42.6206872404629,92,1047.29748167415
"34",76.2887026295299,238.943752543541,59.1703838718507,37.7182287203551,47,2203.88610174129
"35",68.9231334826176,222.457499201835,43.5183848123777,29.7208868945973,55,1953.23401525668
"36",67.7034657504529,157.197919615665,14.8054772212208,-1.32409861816321,32,1687.57705423635
"37",68.7919568648244,128.636251533063,20.8305951432675,4.90753937382321,38,1482.66169923425
"38",72.184655267242,197.968522577409,39.6069968025207,22.521717277735,16,2107.28901755123
"39",67.537543973884,188.287605923815,35.200063014257,21.7931945250717,60,1688.75859337369
"40",66.3045634447485,213.685725305427,36.1959560080575,24.0657058557766,54,1872.13002440112
"41",68.5612566595889,154.147833339628,26.2664606162617,11.0313118617684,53,1536.66896128266
"42",70.7425228505315,129.017342647181,37.5293796176483,21.5761759939198,36,1523.40808489369
"43",69.9319553351461,191.517298486207,48.7974598184637,34.3560612132685,10,2079.28860232543
"44",67.1040911145168,209.1285433615,27.4531582490508,13.3366144817069,32,2003.49278229651
"45",63.9677279143934,201.908585688459,29.5838044665014,18.2823906093841,63,1707.8806333519
"46",62.0065837767301,155.968329975055,50.4189169123788,46.7918027545251,55,1451.16630970906
"47",64.8170701741758,160.867657060953,54.6346038448099,47.6926774276204,73,1394.98229470177
"48",72.4021776543107,235.370578603801,36.1196192257199,18.7873902233412,34,2220.66636091143
"49",71.4252147133463,170.224778018126,20.2036933466687,3.00084140301029,83,1469.20059391242
"50",68.1597185676655,205.735776741937,26.9523010352279,12.0529718684157,52,1859.76231491162
"51",73.4286361956646,164.964465088887,45.278731699148,27.1522419457829,63,1597.87229718871
"52",66.306732997957,178.507820640061,38.7994320254518,27.0891638458393,59,1618.99923166163
"53",68.8268068921104,237.255493491102,28.0160984915923,12.7860862685804,46,2105.40217197937
"54",69.2800594470965,286.176152294832,55.973092125533,42.9046119955687,42,2443.13418377493
"55",66.2491168239109,213.446429983123,68.361470153544,61.5471296509042,56,1856.33504245852
"56",71.2788922940748,209.763443907659,43.59353528402,27.4531447783681,51,1931.26818767947
"57",63.1766306830488,253.520298518046,38.5366849405012,30.1529524456705,57,2060.17466944215
"58",69.8862797748298,230.46540536187,45.3213267624068,30.6741067655074,27,2205.75522854479
"59",69.0982940780319,186.165262919832,37.9779534869798,23.4871717221289,48,1776.95792278156
"60",66.8149160232745,206.424344288995,33.5370479830307,20.5299061204715,34,1969.37309841603
"61",69.5875961548391,212.175855809569,27.119864308577,11.3138606888448,56,1890.81805286007
"62",74.9010782853845,264.015835223734,43.314243540408,23.9258511561128,50,2322.06234766825
"63",69.7483356508683,223.094013636711,47.3756668568624,33.0314398143124,36,2096.87956772274
"64",66.3872792025779,199.98338953676,66.7712562050459,59.4542942126285,55,1781.01496268675
"65",65.871812149492,143.114397109754,33.0189969918239,20.7523210011848,63,1365.77470829232
"66",71.3975374336958,223.796319337133,48.5315271068195,32.4757019064106,70,1890.99979487828
"67",66.196527468763,225.153121409406,47.8034380342733,37.6915851582502,50,1969.39984523389
"68",68.7450115143952,205.709686777274,43.8338591049928,30.2537625449111,42,1935.03299485524
"69",66.6844557965749,201.834899421134,52.0599435755697,41.9860182168445,38,1911.92401201017
"70",68.7786235861993,190.602555801335,27.6823034672435,12.4512597391264,44,1827.74244218705
"71",69.3506316893201,210.31899104422,41.5563081973282,27.1486309403967,65,1815.04033665986
"72",69.4408561736066,138.256615010553,39.8402384127652,25.1998846658196,44,1510.03758492055
"73",73.2646758026559,194.25887426951,39.3390675653947,21.3609319334031,-2,2220.29416939278
"74",66.2217338719323,213.411902173553,36.9845857617299,25.0628923689139,56,1855.77217071478
"75",67.7401235698371,127.803401691465,23.6296265958481,8.59323313675365,51,1375.71476187476
"76",70.46153589426,217.699549412594,55.208578279478,40.5681712987224,51,1970.32969869756
"77",67.1102823571672,139.775324588281,39.9044060202818,27.542882085285,29,1591.90085812101
"78",68.2370912877775,191.156273203454,38.302610151871,24.6364335839165,65,1681.51464141229
"79",71.5126212087131,214.694751379356,39.5449291428254,23.0298581343358,44,2012.55859044404
"80",74.5037195687601,100.922095827081,42.7774382855747,23.7379485586951,59,1239.74189552597
"81",64.1297596246806,232.779237779977,34.0004526103434,23.5411523048768,43,2038.2625986027
"82",70.5494452234078,135.855612536968,44.7450749794656,29.3792405077922,73,1311.95842044259
"83",71.7785075804397,230.201411002614,31.3241172523769,14.3199338740492,48,2085.34183681787
"84",70.6182621947323,247.647792017732,29.7067033779533,13.4095836529919,65,2063.69767414357
"85",67.616586270851,171.346928337634,49.3098615989991,37.6464138203004,19,1863.02200918327
"86",69.4011345610932,234.531046901664,28.6528278052064,13.0957397797122,71,1925.72283112325
"87",69.2986836819871,227.878628387973,48.7652341041701,35.0403149720841,55,1991.77713761831
"88",68.6467094001857,198.309394473479,26.033196427154,10.7197839247086,38,1914.88073695213
"89",69.8356032573672,135.977248498333,52.4502226135652,38.3917096136555,56,1419.25041951318
"90",66.740893031549,224.241385214912,50.5401596506774,40.1609977498677,48,1984.23317138957
"91",70.6939520959017,212.868995242455,54.6683965581489,39.7093527102363,36,2045.18703197845
"92",70.0191116722133,251.85852275049,27.2965152135158,11.2324739132313,42,2238.72131497266
"93",68.7372731897362,203.126031753132,43.7594777860887,30.1800160187488,67,1748.83854733166
"94",67.693556987064,253.551411426952,33.2741237942526,19.4859813399971,33,2280.93346692562
"95",69.2911010626421,186.46061582658,44.6377734592646,30.5589837278349,26,1930.84662009515
"96",70.6181423729905,198.87283767295,51.4028685118549,36.3495785181545,19,2072.62818683946
"97",67.6175281648794,249.937746865094,41.0967092085614,28.3768631618677,38,2223.4547706635
"98",69.0439779711772,237.047885501417,66.1088146800265,54.30260109507,70,1943.66684690778
"99",70.1913405286274,234.003634844393,59.8496801995642,45.8586580670409,65,1973.27266979414
"100",66.641142321101,169.76332285211,36.0167452841281,23.5407252129718,26,1793.16800884663
"101",66.6367322046164,178.899636170565,59.5951913545415,50.7422812245461,80,1482.83123234125
"102",72.2168285420794,191.552994505629,40.3840970071939,23.289157116394,69,1707.32887825448
"103",67.5620060349006,171.510880233217,28.5701012011215,14.2805728881386,53,1632.15026049618
"104",67.7666257694129,186.869949994735,16.2712388638354,0.301221900917191,60,1682.83593573874
"105",65.8032457549272,186.391274031595,43.0417449356344,32.5943656163369,56,1682.11885830441
"106",69.6365262793141,203.053777230024,54.4190411807963,40.7595547578195,68,1753.00891589034
"107",68.7404435843278,198.820706647071,33.3448347879148,18.710756442633,72,1688.05663593222
"108",69.4965714043059,258.645429757899,42.1413906766269,27.6401489731133,52,2206.3674842264
"109",67.5117710837651,244.248741992159,36.287229777463,23.0457146664389,36,2200.26915537497
"110",70.949578696801,186.458017708894,45.5231097344494,29.7958785700619,4,2101.49309977578
"111",72.2127217005298,188.336934777049,40.7016627629419,23.617389942575,81,1605.64066925774
"112",67.4776163920184,210.575686481792,23.4199914816916,8.51126142354476,66,1786.0522549602
"113",70.477028442113,279.129578260557,43.2877399290492,27.90677604094,54,2332.83553377811
"114",67.2821375163748,209.858305811472,40.3960447162693,27.9274605460614,69,1758.70039166343
"115",73.1738889354767,163.70549103539,52.3201162273424,34.4466500752231,46,1702.39359863103
"116",70.5116986645081,192.426798378151,17.7735822189799,0.835036264043968,46,1847.51752693513
"117",71.429023206708,132.548626791399,31.3857667229207,14.6215005865301,68,1336.52653963561
"118",66.2279635141337,161.847803632255,41.6070090856712,30.4381620030359,56,1534.60695325845
"119",65.7256623523047,243.223098851538,23.9176100960872,10.1642754800629,80,1871.99581771935
"120",72.4950584902124,255.008978690548,37.753779864633,20.3778897821182,34,2344.19318006781
"121",65.5402315817725,100.861861228769,36.4741984654664,25.1327410854499,86,941.930336543741
"122",68.3586140880277,218.005221442343,48.8177064428594,36.1964395857426,32,2074.72692850375
"123",67.3244405848444,214.16984731589,42.0676500106963,29.7828864459349,45,1949.29854420552
"124",73.7782360651815,191.049031530935,49.8060727605341,31.314332174282,77,1669.61906446553
"125",71.6506826477324,194.543881722183,34.5163742289391,17.7090198093981,67,1732.3720527554
"126",66.5320580217498,181.52839604419,40.6899647000494,29.0461550613196,47,1722.27904423153
"127",68.881097094853,265.118834391564,47.2263738589612,33.8343642476963,76,2075.68027136408
"128",63.5468036271271,174.684642004929,25.7193734352023,13.856868092026,32,1743.72972575522
"129",69.1762177383673,201.320276350934,33.2755325719662,18.2888373844059,55,1824.76328694358
"130",67.0514227425869,199.25588413642,52.4337421667027,41.9214228101029,69,1689.71722700075
"131",71.296339294841,190.807312590516,43.702961862006,27.5505140805422,22,2010.5930664834
"132",69.2111362871182,143.706475191907,55.4442375732446,42.4193022588823,44,1541.07277129198
"133",73.6589737342834,208.74379813115,38.9980133981361,20.7067981389664,35,2063.94282878246
"134",67.6140995474334,211.607903761544,53.7851743002513,42.7001740413597,79,1705.81630468682
"135",68.0997252918078,133.744718891448,45.9879390247953,33.3463014034547,54,1396.89610989968
"136",69.2010414977253,260.193747895796,25.1170211235652,9.37678489366916,1,2559.06027641192
"137",68.7843736024019,98.0106645301436,36.0780540286107,21.6818292100035,91,931.367984773299
"138",67.5801696304243,263.559171435044,31.4459660280661,17.5156104268148,99,1893.04179234671
"139",70.4505940190798,180.152697380352,41.3600242206144,25.8871171990761,81,1532.27384872191
"140",69.0545220140044,242.257301443957,25.7549848928208,10.1615382422109,52,2098.65541757371
"141",69.6744056968721,158.415535865257,71.6311664192787,59.281469684674,4,1910.59374079083
"142",67.7526904140449,177.752226161142,15.956847899346,-0.0468546836381343,40,1761.85553724228
"143",65.0775645885395,179.590266017018,22.9657422463174,9.44838567921036,32,1793.73242756047
"144",70.4177834644093,192.613575408842,39.9232671728101,24.3921856111264,26,1983.48842479508
"145",65.7880596414007,177.791711556754,40.2410740253726,29.3186347956266,56,1628.35072044437
"146",67.7286249567995,203.982341663551,11.7917030509635,-4.7260124795816,64,1761.76352551528
"147",64.1584205544528,194.002901781428,56.6116169185354,51.1207309539424,31,1878.65001913985
"148",70.581800008255,260.050260805751,48.8777859291665,33.7196633468818,56,2201.70198492467
"149",71.6234745188849,171.201067776748,42.5783656324641,26.074680038364,66,1593.40077863898
"150",72.1508370705861,236.080035362108,45.9839259443397,29.0790016820333,25,2283.09425110238
"151",76.0662286556303,253.501379741208,29.9367781403561,10.313951962965,38,2352.95469971423
"152",63.9499114492178,263.090568857304,21.2969037372934,8.13002382097451,46,2204.41811938607
"153",72.8400614268643,160.334548468356,37.5060386364168,19.855501202437,38,1731.55301707903
"154",71.1819091695704,143.120006250752,31.9703686570391,15.4023063722962,50,1521.64788539573
"155",68.1077792292479,198.649535873806,30.2405578945863,15.7580986959548,60,1760.55540470526
"156",68.651642428411,184.859949725543,18.9630496813303,2.91775365655998,39,1824.35334563095
"157",68.6001956000352,224.286644862974,40.0630591378773,26.2424670422899,56,1953.72828161678
"158",66.5058942903344,189.652269411162,30.2760392377752,17.0261264982714,67,1636.55849591879
"159",70.6939232920137,241.26821944549,45.1002299772063,29.6089813058266,32,2249.31383295398
"160",71.2639747264567,224.86952090116,23.7896165917176,6.81222094031645,46,2059.18959424023
"161",68.4784258229201,191.315285125779,16.1629947030233,-0.103239050756368,59,1726.37023428469
"162",68.3745911486164,210.206091328312,32.1142963737312,17.6401527170716,49,1910.74125656281
"163",69.1775290859558,152.522883226631,24.2792098324584,8.47708922802297,52,1541.17218189355
"164",69.172785250911,242.57728716661,25.0927939187406,9.36713814092792,26,2278.95087173455
"165",65.6533703957241,178.696708766563,31.7070780816752,19.3984791940525,37,1761.47829964138
"166",67.3386473533803,171.657489508028,37.5154654796704,24.5987657202465,60,1582.62698102294
"167",69.1903051814734,183.079003808002,32.3825568342155,17.3042123046958,51,1738.49906952856
"168",68.2154011357585,213.547472973469,47.0687177640632,34.4193909292369,46,1949.93635104885
"169",67.3170084256882,227.4254732149,27.9756486839965,13.7816333418744,51,1990.98670513507
"170",68.0752989680325,167.017451362863,25.980133562071,11.022866381794,38,1712.67501888465
"171",62.9531309479987,135.404968337857,22.1537440096938,9.82943506918249,30,1505.07771578443
"172",67.2785740407592,155.530175958714,41.7849705312109,29.5103458699347,14,1794.19088654043
"173",68.5409530182135,201.680443929639,48.3375725985137,35.4494066270132,35,1954.93926901296
"174",70.7756437148671,190.936867428631,48.0920556563685,32.6793292108668,39,1889.18735925918
"175",79.1968479883382,118.772748944825,52.1402136458683,28.418833192632,69,1342.55419537816
"176",68.0439070699368,227.703075713648,27.4964639812994,12.7380450210993,70,1872.74778148422
"177",73.2570186489282,183.196609876177,27.1421492797262,9.16149269524097,105,1423.67901636997
"178",68.7786286293634,208.669317836263,42.2183539125334,28.4412913062248,54,1872.29843371283
"179",71.2834282146041,203.038111392575,53.1124280796874,37.3728080714405,78,1705.82697230121
"180",68.4655180213011,169.690143522986,39.9131467298911,26.2070342392138,45,1686.68167301873
"181",66.2330049824798,242.709191097631,40.4834972642661,29.1248079060701,61,2004.43742381573
"182",75.1926166074721,189.013201670363,22.7883719651299,3.92975408464648,38,1940.09847732126
"183",71.2760465389593,147.303716467432,42.6175199644743,26.4381558888228,77,1365.30794463688
"184",70.4144163303399,162.024889795686,43.1449578545127,27.8163969090304,47,1650.07815082244
"185",66.4708436798937,169.560410226284,33.8626901922783,21.2064869508297,52,1612.9410704444
"186",70.900267216776,182.612138553357,30.402733357921,13.9539154382405,9,2042.90701684047
"187",69.016345970576,204.401154196065,32.6964854933348,17.7813225694173,39,1950.7267844678
"188",69.7689808884502,150.575400381177,34.8657211969183,19.5394878268266,43,1597.75080165805
"189",71.0842411229388,192.892628774043,32.0301846130596,15.5337948968647,80,1626.49093952361
"190",66.5564462997738,230.629007946392,45.2645043206931,34.3065215584542,18,2225.68558751315
"191",68.1854900599707,208.440760495675,7.08358692699456,-10.1059742733845,79,1693.34166164968
"192",68.8636595370903,124.389658939733,30.8426062650966,15.8648519602491,55,1341.51605131558
"193",73.54880593732,196.186275981302,36.5499514374699,18.35855575054,94,1583.11033476748
"194",69.8734861289279,167.651649362143,39.9949040174578,24.965443633185,60,1589.86304936354
"195",66.2228833350412,200.271510423114,45.5126844103997,34.9911789308368,59,1753.52212829102
"196",70.781974602387,236.164663577984,37.3419809337487,21.3456388117308,24,2273.03693154116
"197",62.5501105675364,171.962236526387,42.3852998496708,35.7596454996394,91,1312.9111377671
"198",70.3576119527573,198.315263524705,32.0617653135435,16.0881988159441,27,2011.44576355893
"199",68.1410945687425,105.344193553318,28.842903377984,14.1742606527764,11,1512.8862268602
"200",75.1571038399819,227.845204645305,35.454531625179,16.142864690017,53,2079.57084370802
"201",70.9556820555071,203.324474726425,43.4860229373433,27.6511982132374,39,1968.64863965057
"202",69.4895677635908,227.700051016333,36.8786659209301,21.9465286957156,31,2156.28882842936
"203",67.4738084995322,182.08180842129,41.3121936103233,28.7690640199721,43,1764.8870344087
"204",67.2981003922286,249.875040572372,34.6138458939105,21.3395063822181,58,2083.00737774718
"205",72.1985263201989,282.748585300367,22.0828050495667,4.58629508517923,48,2418.04497068781
"206",70.5309166011035,241.321420646374,54.6702235257319,39.9115003635515,50,2125.17509146092
"207",69.6241966153136,152.192748243384,51.804956034058,37.9518271088427,46,1585.58811857076
"208",71.7860845902462,128.709199669876,52.4300980897306,36.0883246440689,47,1459.94158823945
"209",69.9095501412867,252.122950153885,48.8459534535975,34.4332875828313,50,2184.57726625304
"210",69.7292840614706,234.818506226919,25.1167036558703,9.06593853547477,30,2210.48120137438
"211",70.8996614637945,132.805423323996,60.9932453342382,46.1060117290971,63,1365.40348789869
"212",59.6836549343362,177.268160186599,34.1134262823293,28.4221749537908,12,1846.76305562858
"213",67.754295079626,217.880485275672,50.0385478962792,38.2966704601635,14,2188.67497077869
"214",68.1901047337386,162.444538874616,41.6761875741976,28.4396787425042,53,1583.64380730734
"215",64.9995562055402,242.137030314331,26.325031968964,13.5200268706279,57,2012.40806266864
"216",71.2671604736722,192.856043156953,51.740695084237,35.961167146723,39,1907.38608688345
"217",69.7486414162055,195.932854763301,36.5625337490637,21.3836455511889,39,1907.26943116117
"218",69.1261010890748,226.898726663369,34.8436655703667,20.0403060627531,34,2126.28055094404
"219",73.3839793552416,181.435580193771,43.3259450363863,25.2443542045554,43,1835.92020241876
"220",66.649438406532,219.153720118618,46.8771298942404,36.0567001566594,59,1876.57554410195
"221",65.9967184040276,144.357193371882,25.4295629597504,11.7603917131887,30,1599.50363843798
"222",67.2956248982214,188.951681650251,38.8804677710744,26.1910677139774,40,1825.82341288848
"223",73.7584258449123,193.687153197722,41.1402438914185,22.7504737279177,23,2053.00297265219
"224",64.3098115106842,213.037409669071,44.3227613965597,35.9255041352223,21,2067.157668424
"225",70.1312185819321,197.865552492965,27.3539233562278,11.223740779749,29,1992.16886802171
"226",74.9728016737103,214.855609080951,52.0224507998051,32.2826845801531,56,1975.90502583045
"227",69.3364354266175,151.404002853479,50.5546565841636,36.9417080980245,49,1556.61966769522
"228",74.1707212592978,197.06234175983,52.1325465766296,33.2086639955176,65,1793.66654915682
"229",65.8350672911939,193.747915067776,37.8326022315149,26.4389253024753,37,1857.55486547041
"230",68.854185714513,248.164982298595,45.8891989446682,32.396249302396,41,2207.71599829456
"231",68.858256272508,236.601561014117,44.1849992435615,30.5203672999878,45,2108.5275797788
"232",68.2434857186915,152.816072517286,40.7028022735738,27.3018321837739,44,1585.53640041007
"233",72.3952411189807,191.616470774175,32.2079754839651,14.808143628818,90,1567.19017513417
"234",67.6150633019243,105.661643487757,51.5356168953311,40.1601542329263,65,1140.98334286316
"235",69.4136267595697,159.675424501618,34.1374035914037,19.0379244290644,30,1738.33095449162
"236",69.546131801033,215.184940324998,35.2577695803352,20.1442100472607,36,2045.03805209786
"237",68.9772234141683,213.379505224248,29.0444141662888,13.811732168368,27,2087.765054907
"238",71.8481719282116,227.299086709624,30.2730219390363,13.190005450131,60,1986.54509368924
"239",72.0588414585242,259.095950790277,26.5442007615138,9.22839230512066,96,1942.51505994668
"240",67.3472660983174,205.997459168221,42.0459883187734,29.7340043475368,63,1776.27445006665
"241",69.982402298189,133.83346064723,56.489122144452,42.5431223715001,40,1516.55896901924
"242",72.2190316001454,224.503238258397,34.5768527664712,17.3501473752325,70,1905.83687567166
"243",63.7171140499321,176.917311195057,59.0455641486508,54.8427595099099,35,1739.40219717934
"244",70.4408864991365,224.226101354189,42.762197608114,27.3843432959229,64,1922.32786997563
"245",66.7360321203899,186.3388104346,32.327107071683,19.205704147636,28,1884.03839693651
"246",68.6174750791232,260.04911609456,55.7901186772329,43.5869141876623,56,2176.74792677397
"247",65.7252759011558,165.877467364134,46.2140127894066,36.4199717948452,36,1689.32762562323
"248",66.2128314426223,224.612497007728,39.3710435448162,27.8508029121243,59,1905.03881567945
"249",67.1215209349604,170.926864385509,33.8902216848145,20.6691820218037,49,1650.11768099572
"250",67.6050944031439,171.713868115252,33.5797773395647,19.9046015461152,35,1756.36209727795
"251",70.8675217263363,238.430696877624,34.364116650012,18.1424488655625,59,2050.24076747207
"252",71.8292927093215,202.54881957401,38.3625203384756,21.5401220552095,42,1954.51116335447
"253",66.3276368082093,189.937578212636,44.3929470080532,33.5650507240266,77,1568.07209972898
"254",67.9037769001308,198.896975394265,35.7850613061863,22.1276870680535,58,1773.10612333793
"255",73.7744927107069,202.021062759145,31.0144139539617,12.7105426424084,51,1914.72727841545
"256",66.0529278742291,146.23540158448,38.5510963518999,27.0590346270419,50,1475.91873587402
"257",64.7260535255327,196.444994340155,42.9447412213946,33.7457346316083,38,1853.47319451343
"258",67.8515847788927,196.952823299782,29.0911501752609,14.6590958695873,51,1807.93121584958
"259",72.068445319728,186.382442549697,30.8064551640626,13.5941922578686,69,1673.23187264516
"260",69.3231990013553,219.245867482197,69.3076902213545,57.3436735246105,44,2013.1063817313
"261",64.5485425814765,179.512848793675,49.2606457712344,41.6010208429194,37,1752.53153876935
"262",73.674729028072,199.349020318219,31.2057505525497,12.9627888208913,51,1896.81345523902
"263",68.2774095697104,242.401103803844,47.0037645549514,34.2757590530525,44,2144.08197823327
"264",66.419170161864,187.245475999557,42.0104665207578,30.6968192820653,59,1674.86277653291
"265",71.6095614553143,176.796603349193,42.4337785175221,25.9378137026058,45,1770.88426934796
"266",70.2760402324845,127.157917866064,35.3124418488537,19.609718664676,21,1607.89953925813
"267",73.0902579233589,176.890428941774,55.9012873623907,38.1326863421874,84,1525.07364793391
"268",73.8560068270221,194.181480461054,38.1978930384744,19.7610387690913,55,1839.72190997555
"269",72.1029511803647,245.148878358954,50.6401088048377,33.8977258901105,46,2196.18499216692
"270",68.4351914410314,169.32025081126,64.9938150009978,54.0337557776183,47,1670.39209385525
"271",72.6528641382077,151.232666831507,32.0179760875488,14.4412832703655,17,1815.27088891553
"272",69.8599276787918,223.985512007986,36.7128183559236,21.4510700182626,18,2226.25082133041
"273",71.2575174731528,154.840838715142,66.6485073595084,51.5228639847555,69,1466.42889710438
"274",72.2869785285902,223.787050498057,32.0201643815773,14.6901345063574,64,1943.03795191599
"275",70.4812163410564,175.713304047411,37.0968518084951,21.3378145445372,9,1994.60533174679
"276",72.2750624734067,203.669567819621,61.3810093205283,44.6808057820669,56,1871.9547009285
"277",67.434389471303,283.440522742254,35.0169570466452,21.6770630447224,37,2436.65120296979
"278",70.0937693729949,273.955355176818,39.8766583527965,24.6366322327843,33,2438.53273378861
"279",76.1892506335924,173.270345382942,42.5375160050435,22.1342204075138,46,1800.27773478235
"280",69.2126071234947,176.374394639428,53.4097091927534,40.2003584207873,64,1608.61258907202
"281",73.3333649199933,219.496393636187,30.4219633374118,12.3961149213248,50,2024.79626683736
"282",71.3420376755973,194.401468487688,39.872338530172,23.5180265831575,23,2026.76502715838
"283",68.7710697127115,228.665498615991,30.4912295844486,15.5466785630284,57,1976.37864172906
"284",71.2851662899749,194.799788284649,31.9987782862624,15.3593750217796,28,1994.52429289604
"285",70.8594383929308,212.797030733336,32.202578416127,15.8748473229273,55,1917.6403690589
"286",64.8282764537693,156.841701597633,38.4001785621592,28.1604240321895,27,1682.84291191612
"287",73.787091762097,158.609924792175,12.0036236697171,-6.11702892395191,23,1834.83589683388
"288",67.4705191358713,253.405735084903,39.2071247604554,26.3891854775381,88,1903.19332260451
"289",73.2353522275543,258.437809692435,27.9813748341777,10.0137433966286,57,2218.55652767381
"290",68.839619515376,225.530284756893,50.1607519600032,37.1048221985594,55,1971.31684188072
"291",68.231850760335,197.063382767544,21.8919120154162,6.37172256685169,58,1765.84937929805
"292",67.0727939565888,168.959893642562,53.923861676579,43.5948849945014,68,1508.04462064184
"293",70.6253791142767,218.599651312308,44.1607992596345,28.6851755055649,50,1984.81814242699
"294",70.4803175433545,206.793244671702,32.1472918816634,16.0899115370931,49,1916.22194710531
"295",64.1431561595955,162.628964812467,46.3536344835239,38.6163102511279,49,1560.59653400853
"296",71.0590468192799,154.844273326816,29.0868810493954,12.468519188308,49,1599.92971743092
"297",72.5429714967244,127.611750887621,32.9396546712903,15.4510141576384,57,1394.71694603828
"298",70.0579482948217,220.10259002941,39.3907330668792,24.1493809373175,26,2150.17507922746
"299",70.300225777603,141.323086357597,47.1317475134063,32.1720355954763,47,1519.65569538339
"300",69.5557248921353,139.258033183126,39.5083675240676,24.7339485142276,82,1259.33525286099
"301",67.4929451976475,168.446381003689,42.8951691716899,30.5404808300259,54,1605.38135766311
"302",72.418394183211,148.280411616468,42.8423621630977,25.6197659927108,51,1562.70057049737
"303",65.2751463114982,271.019697127235,32.8599127086052,21.0956000723446,52,2229.8470712587
"304",72.5312870798073,139.60517217867,39.3396770162095,21.9600453747325,49,1523.68756858667
"305",75.7941584291648,238.413932505345,34.4983851236052,14.8041222959195,65,2071.90461155869
"306",73.655841283058,219.662643620344,33.4317752540081,15.1842423219893,62,1948.32745404958
"307",66.6818715072636,213.064224568515,33.9338014157589,21.1024619808497,68,1777.8498872041
"308",65.2679045149738,187.256692696156,49.0842844000256,40.4085222324083,47,1741.91158283722
"309",70.6853280466703,164.282212606878,43.7216528464648,28.1621378677876,52,1633.58185073356
"310",69.2250964420945,181.766380851513,39.2732185279175,24.7842968531326,47,1757.96327751953
"311",73.1471042088846,202.314108721665,42.6445147151728,24.7711304607267,33,2030.98512078881
"312",66.6903116399752,210.204543816605,43.9832749624623,32.6730099760648,13,2134.14126580513
"313",69.5935991512996,239.170779939834,52.3510134385005,38.578887833873,51,2093.07266824667
"314",66.898522292855,237.113315333368,46.7972213087445,35.6634436335306,18,2270.42718764614
"315",66.3822409719746,187.818593236109,47.6853129111015,37.3210012192732,32,1861.56429620504
"316",62.9178229439175,165.735436263351,52.7012637300934,48.2588292451746,43,1605.18811930843
"317",76.5885464570983,174.56374850428,48.8142308086043,27.6966084355959,65,1684.20669318681
"318",69.5144690301875,228.592151777222,30.0449767286127,14.526873159632,68,1910.56286225547
"319",67.1440154081129,185.63256991056,51.5296473624186,40.7664511293749,46,1762.41990622582
"320",67.404521353438,183.665820408428,20.4453036986474,5.18159325295493,41,1787.47548233317
"321",68.4780982852338,208.525151684021,55.9257048068678,43.925167289572,42,1949.18354321392
"322",62.7059167156334,218.146789943751,49.9540566689855,45.1235244237512,39,1956.21964363811
"323",72.2264212108066,209.164648370062,26.3245737457594,8.9091799050861,39,2021.17130872273
"324",67.3270501214953,185.949122730826,39.5330372579471,26.9013150638936,41,1800.71657115604
"325",64.1499266994838,202.494421021995,31.1058562038973,19.9866654781452,70,1666.24431205047
"326",66.1802719481291,172.08587266946,31.2938957792965,18.4712013996056,50,1638.58444047198
"327",65.0459096421278,236.906514710547,41.5334647040506,31.6765507076042,32,2150.41063910173
"328",71.1827541726311,181.786762244124,39.1038044876397,22.8545179448474,52,1748.95250677331
"329",69.2738389411741,202.515768585619,45.3033887199321,31.3014922147073,88,1609.05099284132
"330",67.1391556126642,230.811787670459,41.4103253887258,29.2311031821499,67,1901.0247134678
"331",69.0876690194101,162.42724754832,31.1546642098295,16.0412519200334,44,1656.13514877254
"332",70.6498975053658,219.476083799549,22.4950671905496,5.76858070492734,62,1908.98970038934
"333",68.0574788143553,227.806404988842,44.1642390315419,31.3560307061298,41,2070.7638840228
"334",69.8809013544329,208.639286996748,62.4059210001772,49.0303224897776,61,1838.51020519104
"335",69.6015265182887,189.441643828366,44.1433452871574,29.7002168870565,63,1701.76082783299
"336",67.2209833087882,151.481784143457,51.6043744893019,40.7506242602428,87,1271.83800323535
"337",72.5267806575522,176.393864184275,29.0525774477273,11.5134735419873,66,1637.22388821895
"338",66.3958820367101,132.333342435453,20.4157422794679,5.67754750689305,79,1196.46442523909
"339",65.4289251389249,260.801303461553,38.3685621561972,27.4887606723198,27,2338.13946982982
"340",63.6574196908664,221.892388304789,45.5588260542244,38.2836478997395,27,2073.23880921284
"341",79.3520636549251,157.317741104567,20.0085719094695,-0.239220893126941,65,1611.860735499
"342",71.9065689064066,256.606930235604,43.6497079425981,26.917104396696,25,2407.87460047918
"343",70.0158428965048,273.311407006189,32.2888598770119,16.5813136569209,56,2277.13127043417
"344",70.4655872716509,175.230083268825,13.6642033648855,-3.50554259525034,85,1474.59637711475
"345",65.8358095767038,152.947442408761,40.6511262186223,29.7488119576183,60,1446.97734783072
"346",70.0139201589697,163.043015363825,48.0478848321501,33.461322198224,49,1637.73477173554
"347",73.806783021835,155.906369036853,44.8289848085462,26.3606344041985,44,1675.4428234769
"348",72.5501969224092,195.177742226635,51.1119404032416,33.8976549593947,54,1836.14483498653
"349",65.1511912022254,213.888643394671,45.7866020137915,36.630871947456,20,2089.94637661706
"350",70.6250167452691,209.904494379146,54.1454182291246,39.2409886131855,54,1903.442712647
"351",70.3443356852436,140.747705401449,46.2810095641923,31.2200877928229,28,1645.83126785362
"352",71.5234291897215,234.754345999173,38.5526691328808,21.991271939309,49,2103.66712628431
"353",66.6451262157578,254.307196056394,35.2910797292495,22.7001127707638,60,2088.72693437146
"354",68.7787110842485,90.043309628745,28.6283439202263,13.4918689513408,48,1174.05944975704
"355",68.0805473597848,221.205414536919,49.608725386476,37.4123756229755,69,1839.53268403427
"356",71.3791472011262,220.840347338931,9.90226303420053,-7.69707152511756,50,2008.35053337584
"357",74.002722874787,208.364888997877,29.170701687119,10.7513727794367,43,2011.54783896657
"358",67.774554977862,101.88599299807,37.9419123826666,24.6680174340141,80,1017.48658459682
"359",72.3281506850031,126.196913306765,33.8596783949531,16.5386251675848,26,1593.97428360069
"360",70.4120811237722,197.564988385601,52.7172105110224,37.9841269308197,27,2007.4633079142
"361",64.6051163285952,245.960998597886,35.159603758081,24.4841429760516,51,2072.02199863799
"362",68.5478968745908,144.940944647291,39.5735561718147,25.751921952055,59,1438.34037545993
"363",72.2383009372977,177.725013006264,48.56176637592,31.6279630465467,72,1601.05325293271
"364",67.9200429156746,182.381236697539,40.6979996192949,27.6204321447746,47,1745.21964965474
"365",68.9349003161324,180.005030548653,32.9158678775501,18.0852602243167,94,1423.70457433299
"366",67.1512898778266,113.61819333461,26.2361561128068,11.9158899197286,11,1551.86272592302
"367",69.9432923988725,221.140140785026,29.4351504915638,13.5740586891369,61,1917.18289055639
"368",69.9022983181723,169.657023880416,36.4330571887488,21.1148520354855,19,1881.52244741578
"369",74.1863159123712,176.553374873842,40.4893491221891,21.7592650160775,71,1625.29373755115
"370",70.0712513349777,233.197120233172,33.0659368042068,17.3715654155978,45,2102.72295100688
"371",68.6040963315625,179.595277499253,44.6770141344482,31.3335453780948,61,1641.35060223119
"372",68.8728225166809,220.515728331881,53.2072538694118,40.409337660075,48,1988.09783346947
"373",70.8040953365818,240.746021188287,17.8573742963557,0.806730161358317,62,2043.45972277762
"374",71.2662943580849,237.745668674296,39.9006491256397,23.6137596094976,51,2105.43745418854
"375",72.0266004440196,145.105696166956,36.5612649302299,19.5288361361622,21,1741.94631275919
"376",65.70702286977,158.443026871091,32.5233729334852,20.3143227089797,54,1520.37924785298
"377",67.4871284523446,202.988951396704,35.9306885365563,22.6646814282737,67,1732.10769854624
"378",72.0886908807071,164.531933890301,50.0416552941029,33.2996282124129,57,1618.96032232156
"379",68.6394047637574,160.207710747857,39.8589436233014,25.9793473711296,51,1589.01447845887
"380",66.797673835283,155.565902760013,43.6762943383342,32.1980717226897,57,1495.90603190298
"381",66.3522529685347,199.416451640596,41.5953814146679,30.2886272299113,49,1817.8381064213
"382",70.6588734622022,193.679533240115,38.2341221060886,22.3909732715563,73,1673.59118505588
"383",67.5438616060841,226.913159641737,29.8243704747664,15.7113166389013,42,2051.87602696529
"384",72.192173783191,216.712897001592,42.5853834559659,25.5620834347049,74,1829.76195536644
"385",71.0756455585019,199.092894603703,54.6315675073699,39.2065426141893,54,1841.80943197404
"386",69.1225706881649,200.620650939154,19.7590778055853,3.57347512771801,72,1704.12330309062
"387",66.5786767546625,156.859800673212,59.6817059959971,50.9321380095571,44,1589.58575297832
"388",71.134049647998,185.129505786695,33.3071499787306,16.8340869076807,66,1673.95925158068
"389",69.9750263685367,226.693087582265,36.5687815543439,21.1993750298814,54,1999.78077051793
"390",64.9638596583983,219.613948492499,28.9969934494182,16.747894974507,59,1858.03591676993
"391",67.4176629925703,275.275295445994,30.9485803091293,17.0803122095888,50,2297.16941063419
"392",68.2564693404661,211.669957271394,28.0861133956262,13.2506585569098,40,1979.5609944247
"393",71.8429632106477,185.376469758112,24.372591291738,7.1135790009532,52,1779.70103936826
"394",70.6600835450115,201.580349571815,29.3557445617093,13.0109548800744,55,1845.22863885405
"395",70.3162858915357,176.101801668713,57.6796748393442,43.3793348166045,67,1600.53105521859
"396",68.1783536186364,254.045820651759,40.1765957198886,26.7802619228025,55,2140.57055361714
"397",67.4507039083726,195.637545326176,53.4794847686723,42.5746263718352,26,1964.64584701841
"398",65.3201554211338,228.849600050993,27.1731238741685,14.2962436952723,40,2049.29898216609
"399",71.030498816888,215.667955422658,38.592911078531,22.4504633711732,96,1658.89869725764
"400",67.3487503082788,197.290205214147,21.8997972420257,6.86159804122927,42,1864.84710739928
"401",66.8516505354529,207.051993075904,55.3450908284451,45.5322391600857,69,1735.74987866313
"402",70.4329147880542,132.873449394201,43.1627476731027,27.8172321908343,44,1489.09960753416
"403",64.8779685117506,198.830242153616,34.2239422326839,23.0929603626763,47,1809.06260871626
"404",67.8894328801283,140.952280747264,36.1528743444075,22.5529842978461,29,1609.12850663308
"405",70.4560605539435,205.041245037937,42.0742688435201,26.6398063263278,38,1979.79892562143
"406",70.6667632869745,182.251325936807,49.8170019674331,34.6184495051491,60,1690.89365433088
"407",67.4010726460186,216.436367974018,62.5477150245388,52.9242081270121,69,1801.19219508257
"408",63.8499395014456,153.010585976716,40.3718586587746,31.6502303727291,57,1442.5501823033
"409",72.6632982834626,178.993302398896,35.962383945506,18.4299916392203,69,1634.7521621451
"410",63.7353258213286,218.5708376295,39.710227789285,30.9683332207358,85,1659.13495636266
"411",66.0589457399677,182.867008686313,19.7465418059643,5.07686717996354,71,1561.41007501332
"412",68.6269205033663,190.816278164151,52.4579149286399,39.896527507418,55,1752.34730335541
"413",67.2238452371856,194.804927469819,16.1533355549829,0.389098865457012,20,1997.37753264923
"414",70.8556413371611,160.436329973456,26.1408175335083,9.50051168996167,64,1530.18498071658
"415",69.8805838857866,185.613094544382,41.0982330266878,26.1439937469197,52,1756.25299436099
"416",66.4152190308966,201.678605409957,54.4853468230478,45.1628277508652,29,1968.73099339642
"417",71.0462576839836,231.512297930125,48.0198771576697,32.3144226569832,65,1968.60908869127
"418",68.1627909406872,202.667220917495,26.7846240521846,11.8639855893039,20,2058.28423126272
"419",68.7932993133352,131.0673478609,29.8299431555064,14.8032200108684,70,1280.22447845276
"420",69.3840095805438,233.48169978204,33.0547243219062,17.8862194346694,58,2007.36791131502
"421",66.9452964652209,234.381045778714,41.6035363980062,29.6577355925289,8,2321.99918030969
"422",69.5954818372273,229.355397223966,29.9473693417226,14.364609308909,64,1943.5467440381
"423",66.66793172027,209.311430114946,33.1240477972768,20.1813419766659,28,2026.29294246354
"424",67.8271224498563,183.323810748925,46.3685791607299,34.0837155469723,46,1756.71179607898
"425",69.9360372818413,294.247664804388,18.595703491068,1.95006617932433,70,2311.35062521072
"426",69.991079302314,166.617864802269,37.9011173131625,22.6135765135122,107,1265.31600485752
"427",68.1404305275477,163.471560276416,36.9647334312416,23.2347653753241,59,1548.61128822193
"428",68.8516390095811,183.867406432847,59.9183546579755,47.8069425545487,88,1487.50975749832
"429",71.4341766641212,135.19942076259,55.1021975831939,39.2655074356984,87,1223.90643498527
"430",66.8573948822663,210.003979728413,61.2033694113276,52.248073020017,49,1890.21370871279
"431",65.8156850917728,224.300722266353,21.5623142851305,7.33871118198939,44,2000.05270038489
"432",72.7765431494113,189.764280370261,61.3281539927628,43.9806343696835,74,1669.29356470425
"433",70.2474930074616,204.930661500822,55.7213679815988,41.3825419615881,65,1792.86118234488
"434",63.9735816553194,190.472094194312,62.7720199480268,58.9747636379917,44,1765.90563385312
"435",74.2725656814406,233.89238034551,45.5081504667285,26.6097515569408,44,2167.21111370682
"436",71.677127518787,186.451577981313,42.4594311244836,25.9022260224372,64,1702.69285031218
"437",66.7660070816543,194.04411331337,22.3206335795117,7.67182069328891,56,1742.0231158793
"438",67.6849155075843,223.69397516088,24.2573653842461,9.33311019435835,39,2054.0118921986
"439",71.93579303191,198.380617239925,27.2403057549094,10.0141650696712,34,1984.29581690999
"440",71.4166159091073,297.819621477289,20.1047685349193,2.90178785910908,95,2182.40726384917
"441",73.2446699459701,119.475890816629,40.9771837944334,23.0167576939693,43,1448.14210810142
"442",66.942925924216,198.617407580293,25.9050810925322,11.6763974848011,67,1697.96160846277
"443",70.1145321243178,207.99964889136,30.1731224387066,14.2471585966813,33,2027.89237057201
"444",68.5042691511035,181.522835147575,37.3522553452972,23.3355416386083,33,1842.49148118841
"445",67.2318427678082,257.122706113261,15.2057280276318,-0.692754475991944,52,2168.11886223678
"446",66.5392444233293,211.453525053552,40.9559631223479,29.3460339016189,50,1888.40386525991
"447",70.4801078873629,240.246494031445,26.8600822890813,10.4833297366197,48,2131.43302798541
"448",66.2902258779527,205.980940207172,50.4018328334258,40.5942959508442,76,1674.34712614068
"449",68.8272922983946,180.231275670562,22.4282756045583,6.64552740658939,49,1729.74745961721
"450",72.6168819233427,251.734408805455,53.2163889292345,35.9600402728075,74,2053.33976728444
"451",68.4024572047105,272.528432383127,38.9231593502223,25.1701729554909,7,2584.9633402467
"452",76.1945739290879,263.35252561045,38.3492893897021,18.1788295496753,38,2415.95732345252
"453",66.9167658651207,131.861113443905,25.0171166456736,10.6759687154053,32,1519.73766324256
"454",69.2068205466334,161.849579671272,25.3502563118588,9.6275432377536,32,1735.64950229427
"455",67.7110275967096,209.08570777638,41.7096889342549,28.9711402131536,67,1772.93400992506
"456",66.7227770806739,156.584949878652,38.0705353039046,25.8289505133186,40,1616.90350666856
"457",65.2068695278457,174.739418584471,38.3917494010707,27.7489503948473,61,1567.95382078489
"458",65.6365451983054,226.320283281177,49.070802135424,39.9012374641584,41,2030.75948886021
"459",63.5075680714478,139.734381080867,47.8952039214225,41.3795718774947,-3,1763.49130864119
"460",68.1214836995428,150.163103926295,33.9226534514088,19.8570638040883,32,1649.05898044501
"461",66.451055249328,193.276990130221,35.2313726877676,22.8093803526362,71,1631.24405017774
"462",71.131370482528,214.210127029061,42.0556920717008,25.9861831952652,62,1882.29749651916
"463",60.5991784914868,171.791523315102,45.0694782397827,41.9467557052701,44,1606.67075709497
"464",68.7751520234254,232.879646116639,42.5920572029382,28.8559273289315,53,2029.88462600416
"465",68.2354106026136,188.010942684803,32.6063273199858,18.296974723657,22,1954.29788757952
"466",63.944916331522,156.569643040372,40.571752359451,31.7849401948843,85,1275.52931355185
"467",69.1780240737372,151.260437023445,32.9094157169943,17.8881607076647,63,1458.51342839253
"468",70.0273548698662,202.919396840804,18.3538531981347,1.65209837451156,26,2042.73524916551
"469",70.6945719190648,207.848902345103,25.8684571631579,9.30704354599688,35,2020.71972498211
"470",70.129345440982,163.54653952768,52.1151851074489,37.6798255011248,48,1649.13762835792
"471",70.3580409318992,213.149731299789,34.3630093094463,18.5345566243495,68,1825.0699458328
"472",71.5176821611004,170.319809706243,32.1097494959835,15.3119480184989,31,1824.56697791587
"473",67.0935082072194,154.670843960121,32.5874753186615,19.2060206434613,29,1684.48691210324
"474",68.7031947814559,238.154823510675,46.9459437981531,33.7268383602494,38,2163.835124196
"475",65.4669298535974,261.913583397856,19.1688013936676,4.70624160679291,39,2263.95163370933
"476",70.7952496679784,184.203296951114,40.3694224303472,24.5235602554257,93,1480.28621078877
"477",72.9973459467621,197.076360109165,43.945650086352,26.2118356517421,77,1697.25201700398
"478",64.2763154905495,242.842563028189,33.2241843905599,22.4539680114011,40,2123.2183743956
"479",69.906113531475,199.037864498454,43.4739268102987,28.6701709730957,45,1887.8135376751
"480",67.5023210997294,175.867630194981,42.6503184035363,30.253350797348,59,1617.73481408129
"481",67.3823899353603,236.151447578291,28.123790738532,13.9034390700872,37,2141.37987059183
"482",71.8416586772484,181.072415337137,28.1474219677517,11.0039639497301,48,1780.07021275142
"483",68.3864769748788,233.870726544294,37.3635385194332,23.4549038177466,48,2065.12288395191
"484",71.8376961575291,164.470053623331,32.2907389458276,15.2761174516381,74,1499.78717527397
"485",68.0923770993083,151.860879680385,33.3586620036899,19.25153203054,30,1672.86646957001
"486",72.6568393508189,213.089809691033,38.2184154038835,20.7205201725489,61,1901.49137413054
"487",74.3244518392768,144.21683111147,25.5396052177162,7.00920384795889,74,1405.19139618327
"488",72.2428475206445,253.416370152671,51.5814192899187,34.7089376512564,28,2371.86814956333
"489",72.1273356171532,171.690726994381,42.1357461516032,25.1602660788616,57,1664.05039151284
"490",69.691051542094,177.429471455788,34.5384536323951,19.2495149609608,92,1430.86196175415
"491",74.2219102148402,68.9898676910955,41.8460559345915,23.061952766433,77,914.825135443995
"492",75.5026903746536,291.790754856228,44.2704313084161,24.3402454691429,48,2516.3405705124
"493",69.5789675816817,157.927557888405,38.5187469242694,23.6426576732019,32,1715.94157393212
"494",63.1052245383324,178.831304480943,42.44112141129,35.1217208149638,39,1716.3553785531
"495",65.1323304777143,190.885686900264,41.838880434988,31.9422825089973,77,1558.79842645562
"496",67.7256966810131,180.026059412357,22.9164115521722,7.79880857948325,32,1830.07869798785
"497",68.598774743505,225.522872296279,40.4557487442406,26.6775103610476,82,1784.61193364833
"498",64.5612623075451,205.424599883486,48.931698221987,41.185528203048,42,1880.12328857994
"499",67.8494864032556,178.362523140149,17.5050805648307,1.65293989812687,68,1576.48699648447
"500",67.9731546122923,122.403261624339,17.7657852970483,1.89122497642128,90,1079.83138349574
"501",67.9656949520625,233.801615277815,53.4434454787962,41.8470937288926,52,2032.14838907198
"502",69.2533350646528,289.651827862406,26.2013103600952,10.5262859488194,46,2437.24824290388
"503",71.3221752426507,210.413277440365,18.8849840620023,1.67265660993245,46,1969.86634403514
"504",75.6471563894822,189.12866356598,44.3507990967233,24.2956591105225,62,1783.39046016248
"505",70.0960652611517,191.495957371442,38.4640543382752,23.1242374612796,29,1952.03984324071
"506",68.4547124231988,233.343107923509,39.2110442046811,25.4396823982101,52,2035.50241013809
"507",67.8555601909024,231.393921773158,50.6991994966581,38.9123083446686,9,2308.14974707124
"508",66.6963613610712,165.285564903149,42.4300037771188,30.8768396752966,65,1500.77285863222
"509",71.0538678022392,148.088163700817,39.6681674658831,23.5569639458727,27,1707.37338094453
"510",72.4957302805287,148.589117323808,26.0194226908118,8.44918362547199,59,1511.20597549004
"511",68.0466757585788,240.912884988078,37.2892216727667,23.6827349578049,73,1934.68005560968
"512",67.5878788255951,156.204801832744,35.363024810673,21.9327702519876,31,1686.72197650305
"513",72.4181684546359,180.216973878645,45.0658270882063,27.8837917325963,23,1952.06248663783
"514",69.8218998033807,165.66000746045,33.6556979838738,18.1954823509994,77,1461.19997398154
"515",75.9907983664401,215.444657172297,44.4193632358912,24.0740265401226,48,2046.9033534372
"516",68.9797432097318,185.938931984408,48.6769239734425,35.3118833585449,36,1855.64228502646
"517",63.6284618372241,142.875313898768,24.6592266516912,12.4849561262792,42,1478.59467092207
"518",68.2125931809871,190.144772422955,35.7937750603878,21.8651978097623,45,1810.90186559355
"519",70.6509248832962,223.889922901109,43.0940003839067,27.5326883597641,65,1916.10096569177
"520",70.0833458912163,238.203568254619,51.3114644216057,36.8751129454785,53,2079.66672304472
"521",66.3249637384532,206.268973450071,53.7354275011675,44.4206713724225,35,1955.3827440723
"522",66.8951283928451,189.961121072991,42.374063208479,30.5950050504297,60,1691.02591487387
"523",67.4660420156918,223.694990691439,46.31420430363,34.4408373144056,13,2228.03852560695
"524",68.8465849894008,171.611550336991,45.4705934120186,31.9447998232038,23,1853.09158796484
"525",71.7447931712367,198.101995120791,37.2049834514384,20.4148191332186,34,1980.13430287723
"526",65.9111832629674,200.348038899906,55.3057741853866,46.8507603716059,31,1940.4403097861
"527",67.7855583943889,242.181732055234,41.2750941094671,28.405084106577,82,1878.06878231285
"528",64.2965391150498,202.388986484558,36.0890250576248,25.9214848156494,56,1762.64943255993
"529",69.0532323992639,213.660855870939,22.1059421558893,6.17220501271734,36,2029.2831835466
"530",71.1732407209513,195.96939245639,28.6910751914706,11.9816114219083,18,2068.38947215939
"531",67.5273932977317,203.216169893812,23.6836198532902,8.78004870439407,23,2033.23463331964
"532",68.218363651811,174.905314890196,40.4397264343862,27.0338960746098,81,1471.23333014392
"533",71.9411645165559,176.381265536533,56.8040193290401,40.4112002369532,30,1874.50807365286
"534",67.0237757410898,263.002650373513,48.9885366768695,38.0188760613679,33,2331.30846373883
"535",70.9270079786176,142.171383627135,28.1238090987427,11.5420031886618,26,1675.70072132549
"536",71.962034764166,160.22625264566,37.3072762639476,20.3461396866349,46,1665.32739548737
"537",71.6212594610892,160.415847631642,43.069619861881,26.5852664960566,66,1526.18072590096
"538",66.0518650096556,162.031370090093,39.9965304903876,28.7496056650836,87,1322.71412128391
"539",71.1307860557333,199.33401496828,51.2079647595939,35.5592346231675,34,1980.0118961602
"540",67.5183996649823,122.953799472818,15.6703272035559,-0.277372322814013,19,1560.28584646093
"541",67.9220430116515,146.292151636028,42.1943171865024,29.2956405256017,49,1506.81005094043
"542",71.6381275586979,152.192793784337,46.818055931474,30.4484956069123,54,1556.76532527188
"543",67.1262297008811,133.366547168067,38.3162939035349,25.7147876112418,62,1327.77670605825
"544",65.6534412608041,192.970634358901,48.9216891170636,39.7030089503104,59,1700.80575606817
"545",73.2785971187018,275.425390789393,56.0083472512668,38.0235076469431,17,2596.93836802543
"546",67.0732577566672,182.549642190357,37.1900232494003,24.4801075804862,74,1551.9146443556
"547",66.1807992991198,226.355195657018,39.3677855454796,27.8802983223999,38,2058.28902004204
"548",70.5347105175767,196.926309364291,46.6163950924216,31.3761941925485,74,1685.44173091276
"549",66.9626538057749,161.803624564788,38.6246945475682,26.2282067960983,47,1604.86228437197
"550",71.650499412861,229.837554242402,44.6746400383733,28.2184618545399,2,2394.2493054735
"551",68.7527691987978,177.789004751972,49.3588615010173,36.3266718208282,56,1665.98566842952
"552",66.5352095079981,196.943356528121,55.2981980953703,45.9318020056398,58,1743.55427192177
"553",72.2330402117049,240.915835849752,31.741460130783,14.4419027687019,30,2280.26526803261
"554",68.379606654309,237.67176589619,20.566397064383,4.8218884267947,39,2149.91610604299
"555",71.7706232071093,67.493015555815,25.3675977522619,8.1783654084261,41,1119.16840164302
"556",69.858449880304,162.367781056306,37.5470141093645,22.3487651390784,22,1815.15358946065
"557",67.8920489826626,164.438346892213,34.1577953600317,20.3128727747778,62,1531.0799232183
"558",70.7113912986106,223.750019701568,30.8487880294132,14.5527206803263,59,1956.79729223312
"559",73.5033717228812,213.199356676482,32.8210894268638,14.6794967043758,62,1906.12481297507
"560",68.0821343799,261.946672795781,52.2265671640972,40.3344350205506,46,2249.77087814245
"561",69.1054238650375,206.793308835876,52.497267702453,39.3392168257922,34,2000.76119713348
"562",71.7711867492479,188.347516030517,40.9096153548678,24.2166204488905,61,1736.09909658557
"563",68.3022240660681,179.186220905994,49.0439941161606,36.5151011716991,53,1689.36840188341
"564",70.8108927969953,275.362101346463,53.9224774462481,38.7809940435759,6,2640.00422991031
"565",65.6865321965051,163.991598494665,42.2920693837292,31.8456992719701,63,1493.48661751738
"566",70.4759146572431,160.084991765076,21.740543310977,5.05645694737969,71,1475.57361484341
"567",66.4580745219771,205.797531588162,49.9853873384103,39.8901519077907,38,1933.73616822336
"568",68.3315956033838,233.794534121466,11.6472488905265,-5.06178773348516,47,2070.75121173971
"569",70.7133228322765,169.323828798921,20.7984966573251,3.94640228576638,33,1794.54665338719
"570",66.7099326883194,168.966607053588,32.3189922851657,19.2181957882845,65,1523.87810708551
"571",67.1791043276479,259.307568750095,43.819162079254,31.9339605325276,59,2133.46077827422
"572",71.0406399760426,222.732655449146,51.2008096372077,35.6537139727876,69,1886.64057114392
"573",72.3243365092773,196.477318154709,40.2989678092313,23.1102856286213,46,1895.77276577166
"574",73.1788645670872,199.921842730163,48.7181378789043,30.8309798525745,44,1941.68466021092
"575",69.3838478579226,174.272915783168,41.1532635174353,26.6786424251667,49,1699.69513312475
"576",64.8567145377215,122.75484671572,38.129296394695,27.8046567623147,78,1124.042969668
"577",69.3242299101419,185.159013422131,42.7786487773224,28.5031895019046,40,1827.95837347868
"578",70.4732092029242,188.790961950678,37.0602299330472,21.3056782910696,89,1531.97744982986
"579",73.3454987632231,223.18212231141,26.6496559225895,8.62040544775535,19,2258.71245629302
"580",67.5001375161243,240.231250378054,26.648844429847,12.1512036498803,21,2277.09243631005
"581",68.023214388638,234.99896704047,27.9695923989303,13.2812191500481,57,2006.33838739783
"582",66.1693444733007,169.953257562981,46.3920954951062,36.0806621508703,34,1733.95946942829
"583",64.4137686427856,209.524813854744,55.1746227536196,48.9660322659045,24,2026.19445207843
"584",68.6374954731539,150.113120765948,38.9726633141256,25.0032424292118,51,1526.10093488091
"585",66.2898623449626,244.398586968813,47.8374576866671,37.6135571494127,70,1954.48444859673
"586",66.4387059496476,258.025262760692,39.4306237902387,27.6862128892006,24,2354.06895255964
"587",69.1286462636961,234.61009864456,34.535928846694,19.7022545673466,5,2371.55472210455
"588",70.7684373891474,196.821115752069,27.2485501260698,10.7188634292951,40,1918.95470597756
"589",72.6457501871568,174.814744820099,45.9116153648975,28.5254425577547,47,1758.09688760611
"590",67.7923881947663,207.078155371882,20.7971690108152,5.3784696986882,22,2067.46023804036
"591",67.7956255360133,254.231747225719,48.6832076117742,36.7217447071052,39,2245.6682295236
"592",71.8890110701679,255.462840069187,29.9592750707055,12.8404563253908,71,2087.72393422217
"593",70.949468819913,213.899587320455,36.4754049180922,20.2965505713712,61,1884.85268301933
"594",73.1954645913303,244.515868244539,41.5040162582401,23.5859977666085,54,2151.71625947337
"595",68.1861503928891,156.017432204207,66.2351306741705,55.8120722811845,77,1380.3527126219
"596",69.3401696819931,170.896158016874,48.8314421771811,35.0646690087575,10,1943.30321940644
"597",72.1314607102115,137.328730120271,21.1499222750337,3.66231885653823,101,1150.82753966897
"598",74.0828280852402,187.20704688134,26.3451333873823,7.92431746961869,38,1914.7518187533
"599",69.2753632978075,164.138782228327,20.9103456178399,4.7549692034662,51,1621.58172716463
"600",67.5772567993427,172.589459652547,25.70768769306,11.0365782692505,60,1591.46349498702
"601",70.5782338628084,177.800897265037,25.85231911415,9.35751130577701,37,1818.44316001885
"602",67.4734649516329,93.9349545725615,43.2539379799462,30.9676646960635,46,1195.3277718728
"603",72.1177913964832,199.813140218748,36.160561262657,19.0471492228304,44,1927.53181429814
"604",66.3456769316454,152.880052267503,38.2045669053501,26.3587802159246,76,1344.23282265844
"605",66.7912391803863,168.194834992289,27.1101665243581,13.1627799256217,81,1411.30255959287
"606",68.1608600859076,262.074977052892,40.7627593296585,27.451083508916,58,2169.97003013054
"607",66.7472809587406,191.161889569809,24.5302278246154,10.2250339158712,32,1887.02904019592
"608",68.7350556228616,202.95450501916,15.2972886496087,-1.15657962274736,75,1693.34177267971
"609",67.6211587460954,120.517936673,40.1903199487008,27.3503673964466,85,1097.6154615482
"610",65.5624460884632,164.980185388783,34.0996160803326,22.3041740590657,51,1579.6696202956
"611",62.2732511107678,131.104260669735,24.6654285281008,13.4934047469434,79,1136.4498330792
"612",67.8317003104606,242.820897028101,42.3122705840634,29.5226374004753,0,2440.23678242792
"613",72.2672747765703,142.582470688712,17.5102297988414,-0.116085366040846,49,1538.88318205312
"614",68.9102366703006,246.413232320863,54.5173777635417,41.7988187601803,23,2319.91444307179
"615",68.4608314608452,252.120687075431,36.1121388991775,22.0012181550449,32,2288.56444003267
"616",74.3076597780772,153.733652496264,42.8688601985787,23.9927986496798,39,1702.26793423331
"617",68.161543284084,202.681919539944,38.3535484488486,24.7641345500613,66,1745.55995844172
"618",70.055393746304,206.639743653415,28.4917578132082,12.4887862438094,39,1977.86910353884
"619",64.1692383815735,221.26323463829,38.4414280110483,28.9237210343873,41,1980.61927924253
"620",67.6215132345136,171.324067154889,44.0049201082432,31.6543347823086,72,1502.54215645328
"621",72.5628107036202,206.497435884777,23.6629793442265,6.02047208665397,22,2124.42672149814
"622",68.4760461814399,277.014792794443,38.3187830715276,24.431360109069,55,2287.44794561367
"623",72.2980266749031,118.247147830225,52.0321506130182,35.1086632244702,40,1448.86466975357
"624",68.587726433207,158.709952435819,43.4583407625496,30.005034865332,29,1728.62712937688
"625",66.5620422625834,236.89890319535,45.7706960178471,34.8847940917565,56,2006.41810364184
"626",70.8452670323507,218.744489680575,58.9218500854449,44.0002401013376,69,1859.31306202084
"627",67.8379117010195,184.085853669152,35.072966127616,21.3864691187996,93,1441.99634696176
"628",74.8570430577759,225.502428594472,25.8107618351743,7.00547337024739,43,2129.16457697731
"629",71.3614903439178,233.971650241303,35.4055972156605,18.8518518154956,55,2055.93430837107
"630",67.2397318683183,209.017163891109,39.6948747830803,27.1729794310379,98,1555.72152576925
"631",70.167267842618,203.697438164296,47.1303535493591,32.3132193433035,50,1886.15934136481
"632",69.9450668581811,155.547343129429,48.0825877007699,33.5745511357496,11,1848.56229679524
"633",71.7602945436259,92.6693411950817,42.8225957823908,26.2007796082267,52,1201.08573634941
"634",65.1821512209659,273.65254208877,34.6038120013924,23.2585697265212,56,2217.8686577193
"635",69.0456986602056,231.045651741193,14.0201435088265,-2.6668715031156,79,1845.09478333224
"636",70.7747890356954,200.425071658574,61.9005578911403,47.231887767923,47,1893.88801718625
"637",66.9750100135166,227.002583949874,35.9236887911487,23.1239671487573,31,2120.00872517938
"638",69.114159769321,194.137335172049,42.6190317284887,28.5410619628207,34,1922.02542719224
"639",70.3503996827016,197.614306940254,19.2120339480043,2.42945356862188,1,2183.78720820809
"640",66.1202884780353,191.212019970062,34.639599433348,22.425370662309,63,1668.57854808453
"641",70.6759856376727,146.237851900506,21.0557977705946,4.23551276568642,25,1704.6468349386
"642",69.463126630365,203.966973205296,46.2617359907204,32.1387720418522,44,1919.69595127463
"643",72.158062783651,187.468138118762,52.9884681070573,36.2422037032751,36,1905.53389783225
"644",65.1563462776765,213.445505504056,29.7095795643607,17.4441593823208,61,1808.45109701676
"645",68.6691576904476,210.519505208478,36.0773592981801,21.7809747257748,23,2093.2348201175
"646",72.6295254719997,148.060850929607,43.4379739444759,26.0334799943819,56,1530.01407478585
"647",73.8668600419439,162.110262695637,26.648474579423,8.33790067852238,61,1599.25605912651
"648",62.9175857577449,251.18207992205,38.2824053716476,30.1309464797752,55,2055.91769703773
"649",72.172582988971,227.364930922187,43.4201268237527,26.4340576060388,26,2222.27532360516
"650",67.6419840742218,237.481474344812,59.3349618125924,48.9220782458816,39,2139.3627829108
"651",73.3903645867932,239.415964472345,53.253326635695,35.1461040794676,84,1918.41908891498
"652",67.1214073979877,266.412040460138,43.933182458177,32.1284575695398,81,2027.3888860211
"653",66.5237750497392,234.13922928413,24.6530671373824,10.5094532063287,53,2009.13934157182
"654",70.5115492839491,172.165639094327,39.8852322829898,24.267347936797,-8,2088.48860746381
"655",71.2963187009909,196.803706236393,27.4692955093222,10.6305783566723,37,1945.95033735531
"656",62.1255584316606,132.495215919262,19.8896308847076,7.48616697752325,50,1340.43978725909
"657",73.1550323739509,195.065718395178,17.0450733170054,-0.907097226440865,34,1979.12833675113
"658",66.7139332536179,211.169704837266,28.3059533649579,14.5938923322993,24,2065.65421345711
"659",64.1293664651313,261.486326932539,34.4591411323753,24.1019570076835,46,2196.70277089689
"660",66.0350092768184,219.638950216609,44.8024852712609,34.3870568263701,71,1790.19527766507
"661",72.9782581284397,178.585177375791,52.1590625004852,34.495586951348,13,2017.00953328236
"662",69.3190416198875,164.31557977177,38.2093128238312,23.5406857548101,64,1534.8378905507
"663",68.9497676041481,206.2444058327,44.3115531949207,30.5624984097584,42,1940.9646969104
"664",73.2954078439441,208.809521338478,31.1102374968303,13.1079531948953,67,1842.13499755681
"665",68.4688666819436,174.670518402002,38.8768968119944,25.0561448813676,60,1615.75193650516
"666",70.5324823838998,253.522999682246,44.4393473593232,29.0724906205226,61,2126.41081429592
"667",64.023012249917,179.987511592057,48.9116968686296,41.9089672989786,46,1687.61445279246
"668",62.9854652079647,163.95174323222,33.4192471224764,23.9487871394217,65,1445.33476847788
"669",68.4662938289905,156.432336049267,44.6778145732037,31.4834476969412,41,1631.29538521511
"670",70.5082374098745,203.986311605666,58.0077168353671,43.4765155260509,21,2089.48933640871
"671",70.8485364787083,250.85292789096,44.7191382157133,29.0522460544433,-3,2548.99015404028
"672",65.0449663511967,161.29149345038,52.3803303583659,44.6514248046436,32,1679.31707685607
"673",68.8421191010656,142.317863826999,22.7717237792155,7.01484525540937,64,1391.73520422574
"674",72.4828221927249,187.388661539065,26.7519304182578,9.2010546542124,57,1766.36320323598
"675",70.8021575826791,152.938108392846,49.3278078791826,33.9523666592961,32,1700.39181658746
"676",75.3846686574731,233.087571383672,18.6149015847805,-0.15488060525821,84,1904.32086167019
"677",69.9000498636936,195.22855048249,23.2633565227335,6.97695015457802,9,2108.80450277482
"678",69.4703908610739,186.101805630877,24.3156601500712,8.34933810553994,75,1597.688213016
"679",63.8578779174311,204.503452203182,35.6621214675605,25.849910417964,46,1838.2515567772
"680",67.736521245858,159.921839208862,38.165425657811,24.9555254850022,53,1562.16687809361
"681",68.2948477395526,136.863217458835,14.0440506858141,-2.38673483780426,24,1622.80241106086
"682",69.8666375119674,206.071215688985,50.3644724796847,36.1131461806912,17,2121.52997014436
"683",68.3313537023544,185.941132651856,50.9691248821157,38.6187659212148,39,1827.02144844096
"684",70.5851479260908,156.711581012121,42.585005919753,27.0577993905493,42,1653.14452836687
"685",67.701102491341,214.179137176494,43.0681720015054,30.5116544504166,35,2022.14002624959
"686",68.9970225998343,200.796855268142,43.4259821419405,29.5430876315738,30,1989.22659533842
"687",69.0912016047299,211.539984957144,27.286062790603,11.8119246189344,44,1962.15236666308
"688",69.6194574954293,190.344846838719,44.3711945278975,29.9279029797506,44,1836.81550599717
"689",72.3956131026852,199.385134705487,22.227585200378,4.64160278007267,41,1948.79367561929
"690",66.5996082180379,96.7045125201813,44.6987302244564,33.6025226932056,39,1249.08413736981
"691",70.3858829305248,205.312325956337,48.8230181659376,33.8775596038806,56,1858.19650392564
"692",71.0968003979897,188.551079397444,52.0885871843101,36.5193604239312,65,1701.60258970054
"693",69.3735760587309,192.634020871726,31.2500093640709,15.9345651013,63,1718.75436597674
"694",65.1013843250112,310.046243743217,39.5011038561637,29.1853472764371,59,2423.17567944788
"695",67.9885064130142,211.334855678192,33.8724142608207,19.9119532536256,63,1817.67018232042
"696",66.8217280289605,180.511715070907,45.4316858855294,34.1873876997535,57,1651.62393085955
"697",64.5474553605248,184.773719224802,46.399212335819,38.1403580704973,13,1948.49295384918
"698",70.971812774118,140.376440440716,35.0335327978116,18.7653196006377,58,1447.48724617696
"699",66.6653087957453,187.4693479945,53.3618774356864,43.5126613583932,33,1856.1834597117
"700",68.9836094844282,217.487630990594,45.4329231072507,31.7548093985564,57,1909.43978152364
"701",66.4142526849688,172.614023307485,28.5975239349241,15.1527650485088,76,1468.04637430474
"702",72.5238519667069,180.653739001024,27.0054708089758,9.43555296874502,26,1935.72571395356
"703",69.2442412071413,191.252452943481,53.0275426614442,39.744319831853,74,1633.70464516858
"704",65.7273322778072,226.261522951926,25.3605674301587,11.8622974452251,20,2174.34640791865
"705",68.3235194571597,135.667465267022,49.691618817412,37.2091498776697,32,1561.31700571948
"706",67.4391985843846,232.784813963869,40.1879985586618,27.5314033245783,30,2168.72721301659
"707",65.1872933919277,192.511393296374,60.9750270957996,54.6927061884713,58,1698.82460631389
"708",68.8722624085284,124.183273339649,65.0431810206511,53.4033367919381,63,1285.93952549432
"709",66.2695308157541,238.867407659738,28.5328849890061,15.1862439279918,93,1763.36699108025
"710",69.1522424293687,169.324994178899,34.4187334653215,19.5550844185911,55,1625.12819258752
"711",70.4612438316078,272.611546581795,13.7694691283479,-3.39253018512519,58,2264.827731866
"712",70.0164333357674,257.169750996624,24.4019822791319,8.13415066796924,26,2380.57625207321
"713",67.8761321842857,185.259486500389,39.335086925989,26.1354687092539,58,1687.79347963785
"714",63.4630625093896,144.485835310581,44.858355164468,37.6730565279179,90,1160.12764785417
"715",71.070471460324,209.74202682998,18.3772228748574,1.24550656298467,48,1948.88781469689
"716",66.9891152008224,211.306358901537,25.1750592874602,10.8102746536642,41,1954.40037900702
"717",71.9599323397787,249.499246313142,30.2244738632281,13.0674700984608,38,2275.87144524606
"718",65.535559250799,252.035364906914,20.3990229579575,6.12554377745952,31,2257.68192585522
"719",72.9271976166296,143.377852654249,58.6508957568363,41.0913103421557,58,1491.01943176717
"720",66.862131351196,244.083420603325,69.0674523118616,61.2658955835734,35,2197.7887785189
"721",71.5533972385333,158.746482983875,57.1407065612487,41.2356935854832,61,1548.91873391891
"722",66.8507842702493,125.170260597506,53.5382637744894,43.4593244266407,45,1388.81568375463
"723",68.544799559019,147.843744340266,40.4549968264932,26.7294609328622,69,1388.3854816394
"724",69.6694106498154,219.204339738027,49.7000324234924,35.6261632432601,72,1826.84455182056
"725",70.3996019614508,169.269233130728,45.7447410840114,30.592487016123,19,1885.42226731486
"726",65.2559213089395,190.319635880501,28.8959458365146,16.3946017467432,62,1658.84153215905
"727",67.7997996093405,199.470628553863,33.3650186389483,19.500064556018,34,1938.55947092919
"728",64.5031189183044,196.134831360736,20.8959134464887,7.30891619720552,35,1869.10960963985
"729",64.6498344443547,180.972787184813,40.5781246852629,30.9806005408961,57,1626.91336160469
"730",71.5725715997591,193.598598853943,32.8236242065896,16.0133852601695,65,1739.09093017701
"731",68.2528964957525,173.05151452377,26.6098561199624,11.6103919010979,54,1643.72272097914
"732",73.1309467116131,220.829244549096,25.1536008735508,7.23664572042537,54,2003.32921677835
"733",68.9011157197611,178.242664950804,43.7554550415227,30.0038513116264,18,1929.09597228448
"734",70.4948676791525,159.862451138117,25.1770392279247,8.69019003455302,76,1440.42789011571
"735",72.7573565530572,199.66134484662,43.4621586681684,25.9419357059419,47,1914.30860661827
"736",68.9659389219235,214.574110285122,30.5659182043172,15.4864204408822,88,1680.26413138474
"737",69.1315339955031,238.189705190334,35.3604535086667,20.5999546670558,81,1877.09234507867
"738",69.6820410304708,236.101619596619,40.844703992992,26.0593126422029,64,1986.67501117392
"739",69.3639900979333,171.926260975748,45.5644408436926,31.4889457992688,60,1610.02328012266
"740",68.7431704551991,211.626153034551,35.9526527554077,21.5794597646089,53,1897.06919818628
"741",69.288335868741,216.316854395847,35.7880146703756,20.9341474643117,25,2123.61586841914
"742",72.836335621974,146.337019758847,27.5862659674063,9.84543747245603,83,1338.30109549669
"743",72.7928395051708,145.591337179012,34.6451970723189,17.0020357465167,50,1557.50309234091
"744",72.9852784200358,126.682641295259,29.7740696965425,11.9618452070591,24,1618.94589120392
"745",69.8609763835309,170.735384667227,46.876705903391,32.3719041020121,41,1738.11584654767
"746",71.3499875248764,127.685061809115,37.7507867565042,21.3023404901413,13,1679.22277663672
"747",68.9885884608519,219.870349577298,41.5296864748123,27.4753471060345,74,1808.74735131939
"748",71.7098054885457,193.480833513919,27.4814095068007,10.3958220512924,75,1672.10012249625
"749",67.9094150076619,226.951949506349,37.9560634714196,24.5568465268928,43,2049.96021602186
"750",72.1264844375357,207.652992765697,51.0532535333814,34.2955260914372,43,1983.284497287
"751",72.1029532014536,210.935734358467,53.5843750955241,36.9151089799589,77,1772.23713071171
"752",69.5005820336074,117.38365677787,36.1431626252216,21.1405341682311,50,1339.95757355294
"753",73.8189680966886,225.117025506694,73.5610117092682,54.7744610090388,34,2174.77996373465
"754",72.0667400519284,200.098531123396,30.3891686691983,13.1673417358233,79,1690.66144755825
"755",65.2279782595672,172.633258544249,35.3883861618635,24.1495691810252,93,1337.50052462717
"756",70.5967517907978,135.97185908563,22.5913515805599,5.89727572078834,37,1558.08342984661
"757",70.3300143777077,224.750127066199,13.2560774432591,-3.89778822475552,53,1998.98447421931
"758",64.3190152844334,252.092963627112,52.7323208998237,46.1432653788834,48,2126.99065750921
"759",68.3919722206545,183.028468611714,41.4265628550476,27.9572960968731,50,1734.84540665329
"760",69.8084615466536,240.798653969749,19.7472318963285,3.24356425298332,73,1956.34307587404
"761",68.4719083729763,159.236139096573,37.6217099654521,23.663249710269,20,1791.63438290845
"762",69.283530629721,201.423589400945,20.5854827891,4.39748733005832,87,1609.16980096534
"763",65.0493226250105,176.561899786875,34.6489110904724,23.4389442074605,44,1692.90703300986
"764",66.7543473780935,172.809330090213,55.2471664479097,45.5585434275057,35,1752.38233816381
"765",69.299118702161,126.380132279332,32.452915204828,17.2976186364808,56,1352.64703161768
"766",69.2296984153268,193.226157916182,33.5882474067263,18.5874332299099,51,1802.21613369246
"767",68.7753676877131,187.815288812969,39.6378051713623,25.6057214560878,70,1633.53641893875
"768",70.8139417521225,164.650128220538,44.3467337611068,28.6946090243415,37,1739.50735906591
"769",68.941414174316,194.907928178192,69.219271549614,57.8734796735011,96,1503.03235256395
"770",69.645790949367,162.807243575919,65.7927564523941,53.0262733665358,76,1447.99067253494
"771",70.2959509912182,205.519633825342,44.0234012466313,28.8674566244369,60,1831.14589632035
"772",70.7942883544955,214.498371350358,14.7952402338633,-2.41495898424974,74,1798.21231561482
"773",66.4011091778879,218.641742981223,25.2036144624366,11.2269223418684,22,2121.8321453322
"774",65.2436183285416,204.076625582896,26.3260770895576,13.344572424776,65,1723.99133015392
"775",74.5625678906992,256.27475951698,28.0488619482137,9.33488299118907,44,2310.33636400267
"776",64.5050991411359,171.875795412494,48.6153996052091,40.8797623239124,37,1704.40096451226
"777",64.3333579175445,162.935125864603,29.9943443782213,18.4727325532241,29,1700.91947968929
"778",67.3421841087062,159.632805538208,29.5177955730644,15.5147807794741,20,1779.75811668361
"779",68.9350083256682,212.594278346342,62.5549233761963,50.5780302528791,32,2048.3369598337
"780",68.5487122306649,255.56599751055,44.294242662214,30.9701674234214,70,2052.74480982017
"781",78.882604701169,187.16123365792,41.6111018854274,19.2666720371662,43,1941.42356539369
"782",70.8661176166045,212.50157550655,33.1028355582619,16.8169316196518,84,1718.68450913668
"783",64.7715619631427,77.0293797111548,41.3980220797978,31.8294731679343,46,1055.69187253241
"784",72.7171618919116,141.095674926046,13.9604882933607,-3.87369797711179,82,1310.93401081654
"785",67.4700100441318,241.767946718464,47.3986355002659,35.6639870636151,50,2089.08343561651
"786",67.1241254662704,133.875577020999,38.4293688190456,25.8458556453523,60,1344.52123826246
"787",72.5107471649559,145.245610955078,47.2501630425188,30.015670750085,18,1769.36664524508
"788",64.5580847242095,302.352031929729,51.1932161358627,43.9255278281394,45,2463.54083491967
"789",67.5569778378117,260.64929256772,47.2574049316243,35.4008055663404,27,2364.2187112371
"790",67.8419399152073,113.594003143838,53.8293556150194,42.4442583316282,36,1390.48327650924
"791",73.2699218767258,252.060601104361,45.198816413752,27.2190806721059,84,1995.66555271459
"792",69.6951496300672,197.890899843424,60.1488696538729,46.864473454439,38,1925.58870632638
"793",65.7484615604709,233.217687986834,30.0608454380882,17.3798556494577,37,2102.35165797596
"794",76.2281027954757,249.222143801305,52.6571547431403,31.6441388255063,49,2253.55086138467
"795",67.0200189225789,159.907566697372,21.0318862585029,6.05219212103383,69,1444.17838084138
"796",68.9590976655194,242.930412828075,37.7283135506126,23.3393169569738,71,1972.437012271
"797",68.5453967813659,179.403269573645,56.7734535906795,44.7713010791573,-1,2061.00890856716
"798",71.8205875780318,177.487758842836,32.8493406872177,15.8638619888249,57,1696.27019983187
"799",66.9047516894499,209.065346308453,57.6325026911236,48.0792786482406,42,1932.56745395768
"800",66.7619112754162,224.953212983413,51.2604865955907,40.9620862198207,13,2226.93479008445
"801",73.2324026406808,241.346583496288,52.0514440061437,34.1148049627108,58,2105.24072871852
"802",68.5637965494408,274.605501519845,54.5415703801392,42.2793569602548,29,2450.35249064653
"803",71.4880221792292,228.041535450069,24.9056561552645,7.85421310410836,71,1911.79664753014
"804",69.7726241851373,262.228727059998,34.2636160962655,18.8883192945731,44,2286.59729673503
"805",75.3502561025163,190.883075349438,24.8606088908261,5.84887630627685,25,2042.14981192896
"806",69.3647024643608,148.805568898623,28.1114824393035,12.532278544193,56,1493.1904155358
"807",71.7854069796323,126.915983014008,50.4164549730879,34.0117317045334,37,1516.7612428186
"808",67.3378547099814,198.839819313678,53.4663766878365,42.7120780826869,29,1962.76282914098
"809",66.3525861098661,220.966930022432,33.579175630108,20.9822145593862,99,1612.10181763505
"810",75.6323733401698,185.517004278823,43.4619709508422,23.4601704303442,71,1699.50207807722
"811",71.7772853503092,195.952087266065,19.7068217249322,2.33383537462236,53,1837.95302761651
"812",68.1684278839721,209.976960356098,54.1197254568667,42.3342510818246,32,2022.29549714494
"813",72.001111106507,228.386375484514,43.1182108520036,26.2828122088428,45,2097.26123032116
"814",63.2205820633975,226.592221426499,36.2804677790487,27.2864629482979,77,1756.97093169224
"815",66.5077859465488,246.341664603897,39.9428075082253,28.207567947617,37,2193.75745200345
"816",75.6868643031662,193.040325486695,15.603848458871,-3.13091604644396,84,1658.66440443232
"817",66.8507655290663,195.310218837278,46.0213144095822,34.8302541553242,63,1703.38738557538
"818",73.0509040909842,210.641498725106,27.3188177103686,9.45407187790578,54,1938.84301901291
"819",73.9361537797235,194.417821065506,45.653835622456,27.0583462530222,62,1794.61217824059
"820",71.5993848149879,223.49963561452,33.4178791505104,16.6097296466103,29,2170.51491702881
"821",63.5779668594619,145.148081467855,34.1784741217922,24.3034683501292,58,1383.3127266599
"822",68.7964562585218,213.868166964905,26.231996040994,10.8446647008602,19,2142.91367467459
"823",70.8151480184526,156.332796761355,49.8765153057281,34.5158151911147,78,1408.90570365759
"824",69.933253349688,157.525556080911,67.3577703835185,54.2678880976596,83,1371.13653192511
"825",70.4644274050762,240.793237569668,28.653646565725,12.3954283328465,58,2066.6400981035
"826",69.5149833211853,192.214492403082,17.4740087744001,0.917257438739252,51,1799.53657585025
"827",66.483778009642,284.819863403757,35.8459686681668,23.4906313815655,42,2399.17172972786
"828",73.7695751967152,173.581341347589,35.5968247016745,17.2515806355775,14,1989.08536159376
"829",68.9475348134991,187.616726979926,42.5357774930704,28.6186314664114,55,1736.48590121638
"830",74.4915204299631,183.747719838227,65.5460645575495,45.96900894529,49,1823.59060405269
"831",68.0792772300076,215.636399803248,15.1654761264526,-1.05986355281052,36,2029.22159159533
"832",78.3367027890573,168.112695882423,43.365508372367,21.2445875270087,40,1836.21822076852
"833",67.3231474131186,219.562951274821,51.9363847267795,40.9940697186254,61,1874.08115858874
"834",68.9549063411514,245.443664158507,34.1792411011615,19.4539749082006,72,1981.24133824012
"835",72.1672920002497,239.511993108436,26.9599650749894,9.5925584025147,70,1998.68432546873
"836",64.2941421991232,182.670476933181,29.3607087157441,17.7349092718983,36,1775.77267722258
"837",70.5239120360388,170.040515946806,26.8913004386112,10.4898702368802,70,1545.00609720629
"838",69.8094367128148,188.407352218612,57.5154470891333,43.872342445257,54,1759.1576505747
"839",68.2463187605481,184.259365468739,42.2939816946775,29.0698686611463,56,1699.86409512921
"840",65.9889469842377,185.954485018255,43.331953882268,32.7206410558333,48,1736.15606836355
"841",66.2521056621524,166.049379572985,17.6680292558867,2.5575729441853,78,1411.48937664903
"842",70.5991737972376,199.759916815235,47.7505424920062,32.5082290077671,44,1907.91378898383
"843",68.0587785708536,190.017396314881,34.2609694186055,20.2874709361517,68,1651.75486689155
"844",72.9891338727051,198.000257495241,47.1298954125818,29.4233707865723,51,1879.70360437871
"845",61.1647136949445,232.107358483246,42.5859051506256,37.8595870303774,54,1921.62070727642
"846",67.1334598099751,253.160899640819,57.6738996849205,47.7891131587945,24,2332.58734434899
"847",67.9038537725935,183.405803662778,65.320726606332,55.2474705810239,50,1730.99709973104
"848",65.9247917850014,187.201679695085,33.33539558926,21.0765057620376,48,1743.1113201699
"849",70.2204347631568,184.997322149703,31.9275453701056,16.0450141187269,94,1471.13283848474
"850",69.88860358985,186.88112848763,12.7418758710462,-4.31618846134404,46,1805.05469606903
"851",69.5684957915789,193.534205378223,37.003609171099,22.0136735411954,18,2032.83799605938
"852",65.9824576279906,225.716022487541,31.957888955346,19.4126620533629,77,1786.58803197286
"853",66.9670278879141,112.344594583943,29.6016499288128,15.8928149419154,65,1174.38807843447
"854",71.7135404247736,183.188709191348,42.6337533313419,26.0489014156759,122,1288.42762165672
"855",75.1591985198382,229.379408458866,20.4547257558176,1.69716440024446,59,2048.35553590068
"856",63.6342158023603,190.795584810316,39.1131396688053,30.3470403462566,43,1770.41103405825
"857",66.6853420976425,231.306411545505,41.3592222175636,29.6551725944927,50,2013.94278856856
"858",70.9195241800984,162.984569594,38.0510221867749,21.9761409065919,50,1642.07182565787
"859",74.6889661167424,236.519687591239,24.2350099656075,5.55818294065516,57,2100.46752337605
"860",69.8437334193465,252.079845392589,21.6020133611768,5.22128882544898,84,1952.27285122153
"861",68.8645295448286,191.85083239253,38.6884304357269,24.4786780234401,89,1530.61021102479
"862",67.0612362451941,202.206076775781,14.3540449620156,-1.59975906028865,60,1769.42155862708
"863",66.8235293060119,216.434544093773,60.9898703674197,52.0562449594183,70,1787.04603189056
"864",68.8451923379531,205.152240912395,24.7938009639203,9.23428281417586,37,1966.83240357622
"865",71.4708628438396,225.257513581763,28.5005905789582,11.5967197709339,66,1928.23426773115
"866",69.812211883167,170.929903905994,49.6555326161574,35.4138406391609,41,1738.70839225056
"867",68.906374996474,215.741052340123,47.4915278823876,34.0967097720663,108,1550.77771853419
"868",70.7450222038831,171.534636058138,42.3177193273423,26.6232997563127,43,1740.72256463152
"869",70.8368766330908,182.582042417672,55.1389307113589,40.0299896225774,85,1525.11445750235
"870",75.0587720593005,207.856723734343,45.1330412259905,25.54874811588,23,2157.79379401807
"871",67.1913923608303,220.635194332896,38.3586721243442,25.6994893878525,45,1987.88794367649
"872",68.5697139722169,171.609449975183,44.7558036077126,31.4577222859081,54,1638.76224079254
"873",72.4791414455479,252.86953852782,51.9963077933981,34.8732741240865,63,2133.46232138678
"874",72.6646057906061,134.249764504475,32.94904064313,15.3765658975397,39,1560.01652640358
"875",70.8269463930607,159.203755799936,13.1892864509069,-4.11625008458869,52,1603.74161782547
"876",65.9039497235404,177.534883442558,25.5813816848116,12.0013012341004,64,1573.8224853361
"877",72.5662667598523,218.470775718043,49.136377083362,31.8751505330352,51,2001.86452057353
"878",69.5990810415106,194.366518645724,32.9914399681991,17.651620285874,46,1848.01174039005
"879",70.0143275154598,214.742735771361,26.7781343765097,10.6802671818183,60,1885.02920330192
"880",68.7358180571142,216.628370008339,34.564370275662,20.0572365097927,41,2009.7396344773
"881",70.3577180180287,226.798251904897,19.1332783019276,2.34253303069613,49,2039.29612819647
"882",62.5280446005144,128.606230423052,50.6871148373162,46.3233358573653,30,1457.32298196215
"883",69.7184361677482,220.920305289362,48.2288825378636,33.9839172718671,43,2035.35764128313
"884",66.006440638589,188.063748271035,32.0283042049688,19.4746626774348,45,1769.91894783863
"885",73.5401053879268,292.907161467606,29.729981688745,11.5795476916334,66,2375.97095436986
"886",67.6748617062914,149.015592528411,43.3395803216863,30.8457626731532,46,1541.0378851219
"887",71.5416937378701,166.350230240355,45.8638072204862,29.5570093088625,66,1562.14144486836
"888",70.4763139166567,234.82677868858,37.4570564406213,21.7239230860732,69,1954.82001797139
"889",64.3208190514361,178.0159221814,42.2584161182733,33.4007108586825,49,1658.71359714336
"890",70.438383648757,188.513449930032,26.1285393569478,9.73219969806003,95,1489.00626540331
"891",69.3874859535612,209.456006174285,60.0786931268126,47.2201821424842,54,1884.93199007602
"892",70.2694358479709,241.402914949143,27.0298972272628,10.7924056983397,28,2271.96199540239
"893",67.8760498878987,213.40130333541,12.1978560013486,-4.31351515810833,35,2019.51595335592
"894",67.3741118523019,215.532246708423,24.0579066563869,9.29615745198277,46,1951.61711751771
"895",77.2949694576763,216.500539311752,52.8650852192471,30.8118592963948,10,2328.4444720247
"896",64.0339887660971,150.112818025408,50.3404136701193,43.6430623464514,86,1229.63451362772
"897",72.6476446539723,240.314876210521,42.231370272478,24.7943194726076,39,2220.58676589699
"898",68.9140297063426,188.6077245255,34.3299724171716,19.6526237698803,14,2021.03430106442
"899",66.3604770297922,209.934673205,47.0147453039078,36.5698924388452,63,1788.27107234551
"900",71.5027500900433,200.608321770212,32.7877812619781,16.026021302169,60,1815.87477077197
"901",62.3313179097502,139.033576837339,33.0688188840294,24.1640653879619,64,1288.58692115045
"902",75.1935880291282,186.801357575472,54.8765540138767,34.8078976375287,53,1824.33102566512
"903",71.46551070919,248.355130499946,39.6255698465954,23.1541870607005,63,2092.46444902138
"904",66.8832686176806,198.707375206843,52.8371209995362,42.6102633355561,84,1582.16445898318
"905",68.7289886982213,224.111343172745,47.3549576744212,34.1481350217575,71,1852.27182443361
"906",67.6613983942641,246.196244711623,37.382796280179,24.1447603831683,64,2023.90236416057
"907",69.6808966648143,161.988954929425,38.4526598784769,23.4800288319306,55,1586.13857685346
"908",70.4150301058166,233.894404354731,35.0262019280387,19.1944595029208,27,2233.83302147384
"909",66.9635501066755,184.051370151698,48.1548032209332,37.1397974636726,49,1729.87712239986
"910",69.185521023362,205.939550656374,56.1893592026443,43.2652929429749,42,1942.05951758591
"911",67.5086738491914,190.49534301559,45.2105234598541,33.1426737515999,9,2048.94614487186
"912",65.7725165422646,246.531205510434,28.8414734152009,15.9261059433804,63,2008.80037041676
"913",67.069371103066,139.613343911225,36.3580918703837,23.5334483761409,54,1420.37214557587
"914",71.5907533726942,107.162184660081,49.3763663496112,33.1466256245786,49,1309.62297826552
"915",70.3240770335898,136.783649008415,44.3614914838948,29.1990586090605,37,1559.67791164902
"916",68.2365534665194,207.870032225352,46.6813369775639,33.9638021164989,38,1969.23452978874
"917",66.229511141725,144.619792016488,28.872357013952,15.611521644021,53,1447.69609576263
"918",63.4362610325164,190.672072975389,61.3653908395601,58.2079707169334,92,1433.92752974963
"919",73.4472988007664,179.566684030138,39.0761517823297,20.9521383881678,33,1893.08113627749
"920",70.7152772605181,233.497054180453,53.6255682732826,38.5829119100146,98,1752.3706687528
"921",73.8395046172259,204.113313716691,63.74163688745,45.0337738664737,74,1772.18765309375
"922",71.6456796421296,172.775912105551,45.1573519826837,28.7225691851988,30,1848.29406387263
"923",72.84002292556,188.588368227739,33.9146866200017,16.2307138988763,80,1621.97382521343
"924",67.8317740389134,194.428006705765,57.6220777261938,46.7176009144614,52,1785.15001207112
"925",71.3139053803633,260.127294192598,51.834051341714,36.0053870302123,45,2286.2796411505
"926",70.016873890069,163.130926629335,52.2576360790102,37.9666026079414,78,1441.11997130463
"927",65.246167512654,139.388572344221,50.8707799815071,42.5646407291596,49,1429.8171331152
"928",65.2001500493179,158.481169316072,36.0107146965641,24.9182600536452,56,1500.57959046547
"929",68.070095160476,216.887545165549,33.7944952309677,19.7567571317762,50,1941.69961491942
"930",69.4271728906799,212.467415863264,44.8137516493538,30.6071704723358,81,1720.59709653977
"931",71.8079720520757,103.419100150719,52.0272617166928,35.6482098630062,45,1316.26223900034
"932",65.2992545721733,188.015256224215,29.1344193574874,16.6439410303648,68,1604.23557934346
"933",67.5426391790358,246.318777146229,56.9762326300514,46.403571069461,52,2104.75749919476
"934",68.6949603463184,218.567185236082,14.212171165591,-2.33766991577271,66,1851.29956041903
"935",67.9978430630194,272.482009088932,20.7980039407435,5.27352733263797,40,2355.13552352439
"936",64.1037155564578,245.676453828746,25.5783701787454,13.2702478338371,74,1907.4814949201
"937",69.5084534263072,173.435611714593,53.167661448467,39.5671036098301,35,1791.26121949602
"938",65.2322762727546,228.387639386202,42.958676768332,33.1611566408201,52,1963.70490204002
"939",64.616125245323,227.054452326188,5.81847212094545,-10.9712054496282,18,2178.77402860775
"940",69.6195352772929,168.890563760498,45.3808300244369,31.0183867412015,49,1669.15631024952
"941",69.2605217275344,255.909836009089,52.833692440562,39.5129420916033,54,2172.72690427631
"942",68.7676084037428,239.309657898659,59.0687029801639,46.9927349224547,51,2083.44779543618
"943",65.1199378997585,174.966238378101,43.7119817636228,34.1930635107042,44,1683.8628764225
"944",68.9277056077169,219.112612690066,47.4809670772316,34.060949102083,72,1816.85343827712
"945",71.0092056613405,243.455255666615,56.0025800272915,40.7244979476669,59,2083.34315470204
"946",66.0015149618571,195.130300597795,20.9619502499445,6.52923977804372,44,1820.68101273985
"947",70.8591505051096,164.400652976807,28.1123386728671,11.5723830456422,78,1459.7272794604
"948",72.6991014343621,167.020540837473,25.1258097094109,7.4337126773511,12,1948.21655763386
"949",70.3695250392057,170.288487429313,48.5989929381444,33.6575255627038,15,1918.59024468253
"950",67.2731595089806,117.189803785786,29.3119467955441,15.3322925748992,79,1113.2616033495
"951",69.1506628439697,125.692352577352,32.977972318435,17.9842691916266,61,1312.47677467532
"952",65.6404995372353,224.79964671261,44.5489615154991,34.5609283609065,72,1810.53614314245
"953",65.8965273717205,241.704983440438,36.8607105458734,25.2367626380185,46,2095.90794445478
"954",66.8578103597906,186.188641598671,26.0800534502344,11.9339144083016,53,1714.64942872906
"955",75.4369918312048,261.389293749436,25.052016147084,5.99105791039582,38,2394.10509631529
"956",70.8797590324453,123.410468877579,59.7155096108515,44.7895041193043,48,1408.62016081937
"957",69.7346100602518,184.947036169112,26.2388087867869,10.2718877887168,64,1668.64958309877
"958",70.3606161238075,173.951697105418,35.083339636086,19.298359974256,28,1852.89889773911
"959",68.4588544326095,212.335702031604,40.1295270662971,26.4531825697463,34,2027.07887495103
"960",67.2285871720513,289.00306308505,47.8822423932808,36.5037975765969,66,2271.49214010491
"961",64.4806031042325,153.120119342367,60.8770767869722,55.772315140052,34,1607.6420029267
"962",68.6754717208233,151.971285132281,37.3643097332431,23.1943586410696,42,1599.35959722857
"963",67.1833706195809,247.153231357282,34.6101222923948,21.4360773342675,67,2003.39343822454
"964",73.1326114823263,251.51797254271,42.8932168003435,25.0333597127283,43,2269.34113476663
"965",64.1074151213725,221.251972276899,24.0719291214622,11.4260355890098,32,2040.96395932651
"966",67.0323395681631,177.972234477835,45.1819535547319,33.656109925495,48,1699.67773331258
"967",64.602950841688,175.029711914599,41.7018675640798,32.3918416204423,94,1337.69258091739
"968",70.369238681266,247.916093647656,21.4530872797017,4.80335665701092,44,2205.00659467698
"969",67.4251880447642,204.621770345352,53.5648099169026,42.705714840904,65,1755.09351742005
"970",67.3179864286167,162.632869753667,21.0511306001911,5.91453874635133,-6,1974.94120620878
"971",67.5073816386404,153.188491049771,45.1884507854554,33.1191726155487,34,1646.50804605081
"972",68.727998785332,179.694321854928,57.6491872521171,45.4856982181543,88,1459.94120972992
"973",69.1472469854345,296.033130512458,33.0158139978099,18.0282300620023,66,2339.65643980763
"974",69.7068121915,190.228773113991,41.281726736522,26.5069957776461,19,2007.20177133221
"975",73.140184540811,258.564630002126,52.7409286137715,34.9050285961133,50,2265.73798858154
"976",64.4408190544577,247.544824038997,25.1940454500528,12.5590317597741,27,2243.00265575456
"977",70.9574423047619,129.843849142667,65.8231498730971,51.097922621023,51,1429.28669742929
"978",68.1650872292379,178.622830072627,30.2394932054145,15.7143487639229,55,1670.51683916379
"979",71.8615123641693,244.990516847601,29.4480027046204,12.3315478861636,62,2083.33212698551
"980",67.8639923587227,221.820380161136,38.8871374899523,25.6445607404774,68,1847.41367135966
"981",64.2022670630083,155.128984426244,55.3574687875768,49.5202337414739,56,1467.02236467571
"982",65.7877638539666,181.556224963411,32.2754262648888,19.952252645639,43,1740.19988246743
"983",65.6979000711004,179.89380452632,27.1624038283818,14.0054714038076,65,1579.10173310195
"984",68.197735421821,184.772866726524,26.5402025218572,11.5687224641517,52,1729.64619956337
"985",66.1583470417259,147.65724334607,37.9710674326409,26.2750536591163,86,1241.31563347594
"986",67.3455354178419,259.905371627827,37.9136216373494,25.0442668957346,54,2173.29876504795
"987",68.3142766491387,211.372585603216,27.1407460417188,12.1604508377713,25,2080.4425217521
"988",73.1339427569511,140.853271850046,41.4968002896179,23.6312439974568,58,1477.91695663907
"989",69.6318069815212,116.041106409547,27.2433308340812,11.419274944217,32,1455.6600415968
"990",70.2778740209283,191.135058939191,59.6680963923669,45.5473608551894,17,2033.70041725695
"991",64.3387076296566,200.965172447641,25.6751226828767,13.2167212896473,22,1985.51461124544
"992",67.9884382259152,115.921465378338,39.6399610681277,26.3673899429903,28,1461.24389477617
"993",69.4081408786188,180.07270444595,28.4019835096026,12.8188417029519,41,1790.53633785673
"994",70.5820435806322,222.852179782852,30.3568527959185,14.1217103005153,56,1969.9610335212
"995",69.0065229670751,146.470540626813,55.9393409148983,43.2301588832006,80,1310.8943097869
"996",66.9179476986596,229.634367061636,45.8090240766923,34.5073836636549,56,1965.68004256697
"997",69.2483411084344,190.94819434046,22.1716047039193,6.14161528746966,47,1815.46118281818
"998",72.8495149301396,198.068042495838,33.4092742187385,15.7140016368354,51,1878.35274436184
"999",65.7341749133518,182.687527939287,33.3475487281738,21.2609090104485,71,1556.16732046133
"1000",66.4284648149788,199.693281484217,32.3846457790418,19.5310821065728,60,1745.7306467969
